Hour,Node,Source,Demand_kW,Capacity_kW,Cost_per_kWh,LossRate,Voltage_V,Current_A,ReactivePower_kVAR,SolarPower_kW,WindPower_kW,GridSupply_kW,Overload,TransformerFault,Temperature_C,Humidity_%,ElectricityPrice_NPR,PredictedLoad_kW
0,Node_1,Solar,49.96,115.56,0.16,0.094,214.68,232.72,6.55,4.65,51.97,110.11,0,0,15.41,88.19,13.83,47.06
0,Node_1,Wind,34.67,57.38,0.31,0.07,218.74,158.5,7.71,11.16,17.53,86.64,0,0,30.7,41.98,11.6,32.04
0,Node_1,Grid,67.39,34.18,0.34,0.034,211.95,317.95,19.53,77.25,48.5,80.46,1,0,28.68,56.41,8.85,64.72
0,Node_2,Solar,92.75,53.29,0.15,0.054,225.6,411.13,19.42,14.79,58.18,127.51,1,0,32.9,65.87,14.45,92.72
0,Node_2,Wind,27.08,47.64,0.12,0.056,221.66,122.17,4.18,66.3,21.41,78.09,0,0,17.82,78.13,8.52,29.99
0,Node_2,Grid,78.32,99.41,0.13,0.06,213.48,366.87,21.35,49.86,19.85,56.36,0,0,21.5,73.78,12.46,82.76
0,Node_3,Solar,90.98,72.5,0.07,0.11,232.82,390.77,19.31,61.68,29.63,102.27,1,0,15.51,36.47,8.22,83.89
0,Node_3,Wind,60.69,111.68,0.2,0.067,232.67,260.84,8.85,6.16,17.39,66.12,0,0,31.16,68,14.1,65.9
0,Node_3,Grid,84.29,46.79,0.46,0.086,234.22,359.88,23.54,25.44,6.6,72.79,1,0,31.36,81.64,8.05,71.01
0,Node_4,Solar,37.77,40.79,0.1,0.142,219.7,171.92,7.7,56.24,21.82,147.18,0,0,20.04,59.83,10.11,39.5
0,Node_4,Wind,42.79,33.32,0.34,0.08,211.54,202.28,6.66,72.66,14.37,64.49,1,0,34.71,44.52,12.7,38.91
0,Node_4,Grid,78.26,63.1,0.35,0.099,226.07,346.18,9.24,66.82,19.25,68.65,1,0,26.82,70.65,8.12,82.13
0,Node_5,Solar,60.97,50.38,0.15,0.034,230.73,264.25,10.81,74.94,8.25,84.11,1,0,33.49,82.64,9.81,66.19
0,Node_5,Wind,64.42,77.67,0.2,0.023,236.92,271.91,18.04,50.65,20.34,84.92,0,0,32.94,83.23,13.46,67.05
0,Node_5,Grid,71.36,37.57,0.16,0.136,228.19,312.72,7.27,8.12,39.81,50.51,1,0,25.97,71.51,12.56,75.03
0,Node_6,Solar,38.98,59.29,0.16,0.101,235.48,165.53,9.02,45.46,5.62,86.77,0,0,19.88,88.38,10.75,34.21
0,Node_6,Wind,91.36,86.8,0.42,0.08,227.31,401.92,18.14,15.62,43.35,78.08,1,0,27.91,40.63,14.58,90.74
0,Node_6,Grid,97.33,116.73,0.44,0.051,221.55,439.31,26.3,25.35,10.17,105.68,0,0,28.92,64.2,8.68,101.03
0,Node_7,Solar,69.2,119.1,0.07,0.083,236.32,292.82,17.17,55.76,42.15,85.95,0,0,31.19,78.61,14.07,69.32
0,Node_7,Wind,60.12,101.85,0.36,0.108,233.87,257.07,16.71,27.04,22.53,59.4,0,0,15.72,57.94,11.8,64.48
0,Node_7,Grid,42.92,83.17,0.11,0.015,234.68,182.89,7.38,10.16,31.33,127,0,0,27.46,35.12,8.36,54.87
0,Node_8,Solar,70.99,95.35,0.2,0.082,219.69,323.14,18.39,21.67,26.34,57.85,0,0,34.25,80.16,12.87,80.21
0,Node_8,Wind,52.72,45.6,0.16,0.045,226.48,232.78,12.81,52.82,16.8,145.49,1,0,26.09,66.7,10.94,49.07
0,Node_8,Grid,80.63,31.3,0.15,0.016,211.22,381.73,21.86,56.29,28.45,59.78,1,0,24.47,40.39,11.04,74.23
0,Node_9,Solar,51.88,85.43,0.15,0.016,221.24,234.5,11.68,40.25,51.39,115.87,0,0,16.41,68.55,8.19,55.12
0,Node_9,Wind,66.04,64.94,0.36,0.074,226.37,291.73,19.04,30.89,57.67,140.54,1,0,16.39,36.05,8.13,66.67
0,Node_9,Grid,27.56,91.47,0.13,0.055,235.35,117.1,2.88,65.16,16.91,61.82,0,0,27.58,82.65,13.15,24.41
0,Node_10,Solar,34.2,97.56,0.17,0.149,222.38,153.79,5.96,62.11,20.45,143.08,0,0,23.58,75.05,13.28,38.58
0,Node_10,Wind,28.25,111.23,0.3,0.126,219.6,128.64,7.88,31.14,0.65,140.54,0,0,21.39,87,14.65,37.81
0,Node_10,Grid,55.88,56.39,0.23,0.104,232.57,240.27,14.43,63.17,5.47,99.44,0,0,25.99,56.49,14.21,61.21
1,Node_1,Solar,48.07,40.54,0.07,0.117,228.55,210.33,5.78,6.73,42.06,57.28,1,0,29.12,34.88,8.59,53.84
1,Node_1,Wind,95.78,118.74,0.4,0.063,212.51,450.71,24.47,44.67,25.45,140.64,0,0,24.85,30.68,11.28,93.39
1,Node_1,Grid,24.5,40.69,0.15,0.101,232.38,105.43,5.31,76.97,22.49,78.57,0,0,19.47,87.79,8.09,24.85
1,Node_2,Solar,99.44,36.64,0.13,0.146,225.69,440.6,22.46,55.66,27.27,112.76,1,0,33.02,32.73,9.97,104.36
1,Node_2,Wind,96.03,110.12,0.28,0.097,218.32,439.86,13.22,37.1,21.2,108.37,0,0,34.49,89.17,12.89,86.47
1,Node_2,Grid,85.1,91.63,0.17,0.138,234.68,362.62,24.68,58.06,36.8,91.82,0,0,32.32,32.71,8.18,86.91
1,Node_3,Solar,50.12,102.95,0.2,0.031,227.82,220,8.83,77.59,50.53,133.83,0,0,23.3,46.4,8.39,51.42
1,Node_3,Wind,99.98,119.7,0.32,0.118,238.34,419.48,26.99,19.79,27.03,62.92,0,0,27.12,43.72,12.7,101.49
1,Node_3,Grid,69.45,62.23,0.15,0.104,225.61,307.83,17.67,41.61,51.13,105.19,1,0,32.53,54.21,8.94,76.9
1,Node_4,Solar,37.04,42.27,0.05,0.059,227.7,162.67,6.61,35,54.25,84.83,0,0,30.67,53.79,12.35,41.43
1,Node_4,Wind,88.99,115.46,0.16,0.14,224.76,395.93,13.5,36.73,58.8,99.26,0,0,27.67,44.41,8.53,83.48
1,Node_4,Grid,47.65,110.71,0.29,0.103,215.17,221.45,6.6,3.27,10.14,77.86,0,0,16.77,37.24,11.23,50.09
1,Node_5,Solar,36.51,62.78,0.13,0.107,211.18,172.89,9.49,50.23,4.91,137.36,0,0,16.22,46.61,13.64,32.83
1,Node_5,Wind,36.75,63.34,0.29,0.097,221.07,166.24,7.07,59.8,2.2,75.24,0,0,32.9,60.7,11.72,39.65
1,Node_5,Grid,28.57,70.27,0.31,0.044,218.08,131.01,5.01,1.61,19.32,71.14,0,0,17.4,83.43,12.16,33.85
1,Node_6,Solar,59.88,37.82,0.13,0.092,232.36,257.7,11.16,10.21,17.03,86.31,1,0,26.42,51.37,14.91,63.15
1,Node_6,Wind,68.46,51.35,0.14,0.031,217.38,314.93,9.05,14.93,17.11,67.34,1,0,16.6,61.47,10.87,70.41
1,Node_6,Grid,89.24,103.54,0.2,0.034,230.06,387.9,25.51,44.54,34.3,78,0,0,18.74,49.42,10.98,88.82
1,Node_7,Solar,60.61,51.82,0.07,0.095,218.66,277.19,13.11,12.35,28.87,103.26,1,0,21.73,38.06,8.44,57.6
1,Node_7,Wind,74.52,98.42,0.34,0.076,222.36,335.13,12.65,74.36,49.84,146.5,0,0,29.62,86.3,9.27,78.32
1,Node_7,Grid,25.32,96.7,0.33,0.128,214.19,118.21,6.56,16.13,9.82,66.43,0,0,28.3,61.38,10.51,23.97
1,Node_8,Solar,85.33,69.52,0.11,0.075,219.04,389.56,21.29,40.22,13.93,139.96,1,0,25.87,84.39,12.37,90.07
1,Node_8,Wind,29.35,114.58,0.35,0.057,214.18,137.03,7.6,49.61,32.01,139.39,0,0,18.03,48.7,9.74,36.9
1,Node_8,Grid,90.14,60.79,0.43,0.025,235.39,382.94,11.31,31.78,47.84,64.99,1,0,29.45,73.2,12.49,92.15
1,Node_9,Solar,75.52,78.85,0.09,0.058,215.45,350.52,21.27,46.67,24.05,96.2,0,0,18.07,65.17,11.54,74.51
1,Node_9,Wind,89.77,113.89,0.33,0.108,237.67,377.71,21.67,12.2,34.58,110.67,0,0,29.73,86.06,14.48,90
1,Node_9,Grid,56.07,40.19,0.49,0.127,213.74,262.33,15.93,69.59,31.13,109.13,1,0,16.1,50.11,13.62,60.33
1,Node_10,Solar,93.59,61.17,0.1,0.113,223.57,418.62,13.56,36.2,8.45,67.64,1,0,23.38,84.89,10.54,81.99
1,Node_10,Wind,66.45,86.9,0.11,0.103,215.34,308.58,19.42,11.89,24.88,58.53,0,0,25.04,65.72,8.47,62.54
1,Node_10,Grid,91.84,48.46,0.18,0.015,224.16,409.71,19.56,5.26,46.53,95.33,1,0,23.82,54.05,11.92,95.21
2,Node_1,Solar,32.42,46.37,0.18,0.142,221.2,146.56,5,51.52,24.52,52.54,0,0,29.32,69.54,8.19,28.9
2,Node_1,Wind,73.75,31.77,0.14,0.122,215.36,342.45,17,19.05,5.97,74.32,1,0,32.11,79.81,10.78,70.11
2,Node_1,Grid,73.45,48.45,0.22,0.135,210.39,349.11,8.6,16.63,1.59,68.14,1,0,23.43,83.56,13.72,67.24
2,Node_2,Solar,50.38,83.13,0.09,0.097,222.28,226.65,10.6,34.89,17.67,144.85,0,0,17.8,82.11,11.41,46.3
2,Node_2,Wind,91.56,101.99,0.27,0.013,218.06,419.88,19.07,50.68,15.47,63.94,0,0,34.69,61.54,9.2,83.41
2,Node_2,Grid,64.33,88.63,0.43,0.039,210.33,305.85,8.19,72,52.43,109.74,0,0,28.3,40.52,14.4,67.09
2,Node_3,Solar,53.5,64.48,0.13,0.017,214.99,248.85,13.25,6.62,36.19,74.53,0,0,20.77,51.34,13.03,56.37
2,Node_3,Wind,58.08,89.73,0.47,0.113,216.45,268.33,6.17,20.98,35.7,55.14,0,0,26.94,50.05,13.4,49.31
2,Node_3,Grid,28.53,36.76,0.39,0.079,230.65,123.69,5.33,19.71,49.15,129.94,0,0,20.44,65.41,10.53,21.93
2,Node_4,Solar,63.35,108.57,0.16,0.123,229.76,275.72,15.11,67.94,14.98,98.94,0,0,34.75,86.64,8.28,62.22
2,Node_4,Wind,76.45,113.27,0.17,0.09,237.46,321.95,8.16,55.79,17.84,142.44,0,0,33.89,58.45,14.03,74.12
2,Node_4,Grid,86.31,33.33,0.34,0.042,213.62,404.04,9.96,55.7,20.39,122.48,1,0,21.31,62.37,13.54,90.74
2,Node_5,Solar,45.5,86.33,0.18,0.096,216.99,209.69,4.77,69.61,1.28,137.47,0,0,33.78,77.93,14.99,51.62
2,Node_5,Wind,52.15,73.19,0.35,0.132,239.52,217.73,13.23,33.42,25.28,123.76,0,0,17.21,51.28,10.01,48.73
2,Node_5,Grid,43.7,51.02,0.12,0.013,239.63,182.36,8.11,30.75,40.78,71.83,0,0,30.73,35.36,10.92,55.25
2,Node_6,Solar,33.36,119.21,0.08,0.142,229.49,145.37,7.39,41.02,13.84,67.65,0,0,18.73,76.78,10.45,30.04
2,Node_6,Wind,24.63,117.22,0.45,0.14,239.85,102.69,3.32,31.7,45.49,119.6,0,0,31.32,43.47,9.57,36.42
2,Node_6,Grid,66.41,38.23,0.45,0.047,213.89,310.49,18.45,76.45,51.73,130.95,1,0,26.02,35.22,10.86,71.1
2,Node_7,Solar,49.82,53.38,0.16,0.079,212.43,234.52,7.18,54.66,4.57,135.12,0,0,24.61,65.54,13.77,56.44
2,Node_7,Wind,65.26,54.03,0.45,0.122,229.75,284.05,17.63,69.38,42.5,133.7,1,0,28.6,67.12,13.27,59.6
2,Node_7,Grid,32.69,109.28,0.45,0.014,234.77,139.24,4.11,26.81,44.61,66.08,0,0,31.64,60.45,8.04,36.78
2,Node_8,Solar,98.49,86.86,0.09,0.099,226.2,435.41,25.21,8.56,45.66,104.13,1,0,21.84,67.96,14.52,91.04
2,Node_8,Wind,28.2,114.35,0.38,0.019,219.03,128.75,6.81,5.39,34.93,84.59,0,0,15.91,82.29,14.81,30.04
2,Node_8,Grid,21.97,31.99,0.23,0.078,233.11,94.25,5.2,35.67,16.42,149.71,0,0,24.03,39.82,13.56,19.34
2,Node_9,Solar,75.49,49.87,0.06,0.105,229.64,328.73,11.67,76.07,9.06,93.23,1,0,23.39,68.31,10.78,79.98
2,Node_9,Wind,38.4,49.18,0.11,0.101,221.06,173.71,10.48,37.86,58.09,68.55,0,0,30.53,76.26,13.91,37.37
2,Node_9,Grid,80.88,86.36,0.15,0.015,237.63,340.36,18.06,63.72,28.89,61.73,0,0,28.71,55.82,9.4,77.18
2,Node_10,Solar,66.56,54.21,0.17,0.053,223.66,297.59,6.81,5.8,23.55,97.99,1,0,20.83,71.7,14.02,66.49
2,Node_10,Wind,82.39,33.57,0.29,0.025,217.26,379.22,24.5,11.4,29.93,111.82,1,0,26.19,30.59,10.29,78.01
2,Node_10,Grid,48.05,32.99,0.13,0.066,213.98,224.55,10.26,55.16,48.04,70.02,1,0,17.09,68.19,12.95,48.24
3,Node_1,Solar,22.53,114.26,0.06,0.086,231.27,97.42,6.18,57.13,48.1,83.95,0,0,16.6,83.69,11.83,21.54
3,Node_1,Wind,71.49,77.38,0.39,0.021,211.81,337.52,10.68,12.76,52.31,71.92,0,0,21.74,40.93,13.53,78.08
3,Node_1,Grid,72.7,74.84,0.32,0.111,216.85,335.25,21.76,77.98,39.02,69.95,0,0,16.44,31.84,9.8,78.16
3,Node_2,Solar,78.17,96.84,0.11,0.058,221.13,353.5,23.26,3.21,52.02,107.87,0,0,29.51,59.2,14.11,77.62
3,Node_2,Wind,92.06,67.95,0.21,0.093,237.37,387.83,13.08,49.84,37.89,123.31,1,0,29.32,84.54,9.26,93.68
3,Node_2,Grid,59.38,52.25,0.45,0.072,225.44,263.4,10.2,47.44,9.81,89.11,1,0,20.16,69.4,10.28,57.92
3,Node_3,Solar,81.88,41.78,0.2,0.074,217.08,377.19,9.39,13.58,31.19,83.7,1,0,23.62,44.92,12.32,77.69
3,Node_3,Wind,33.41,33.3,0.39,0.103,224.24,148.99,8.98,64.45,35.12,136.83,1,0,17.24,46.18,8.4,36.01
3,Node_3,Grid,62.49,114.29,0.12,0.027,223.57,279.51,17.92,25.29,30.43,54.16,0,0,34.73,87.91,8.03,63.19
3,Node_4,Solar,89.43,70.93,0.13,0.078,230.01,388.81,11.44,2.4,18.48,120.47,1,0,28.47,88.19,8.66,91.69
3,Node_4,Wind,73.81,69.94,0.45,0.035,230.78,319.83,19.75,75.57,40.99,99.72,1,0,32.38,64.24,8.21,74.8
3,Node_4,Grid,74.12,49.41,0.36,0.065,229.54,322.91,8.99,52.63,59.96,54.82,1,0,23.14,82.25,13.48,76.37
3,Node_5,Solar,65.36,96.46,0.18,0.067,219.81,297.35,15.26,64.63,45.74,129.78,0,0,31.36,37.21,11.81,58.97
3,Node_5,Wind,75.64,64.97,0.28,0.043,221.2,341.95,11,5.86,36.21,116.82,1,0,24.27,52.79,14.04,67.42
3,Node_5,Grid,61.53,73.13,0.11,0.058,221.41,277.9,11.06,46.41,32.02,110.79,0,0,31.26,73.09,14.69,60.27
3,Node_6,Solar,94.16,35.42,0.19,0.059,213.04,441.98,18.57,20.54,17.09,80.73,1,0,25.78,48.68,12.27,96.12
3,Node_6,Wind,77.29,54.54,0.27,0.027,215.43,358.77,18.26,14.52,31.51,120.9,1,0,26.35,45.39,14.74,84.28
3,Node_6,Grid,64.02,33.91,0.35,0.143,228.05,280.73,16.89,70.74,13.68,71.2,1,0,23.22,80.39,14.3,63.64
3,Node_7,Solar,48.27,51.32,0.17,0.048,234.68,205.68,8.92,53.4,5.73,112.39,0,0,26.73,40.08,13.16,46.5
3,Node_7,Wind,27.66,32.13,0.36,0.095,226.4,122.17,4.05,31.27,35.67,99.68,0,0,17.73,71.71,10.83,29.93
3,Node_7,Grid,54.26,94.58,0.38,0.149,213.85,253.73,6.56,57.95,34.7,77.42,0,0,16.71,83.65,9.34,48.76
3,Node_8,Solar,48.4,36.25,0.13,0.019,234.01,206.83,7.1,43.2,52.8,115.09,1,0,21.49,49.98,12.69,44.84
3,Node_8,Wind,99.53,89.57,0.32,0.112,223.96,444.41,11.15,44.98,57.46,67.53,1,0,19.02,62.15,8.68,107.45
3,Node_8,Grid,47.81,89.84,0.42,0.14,217.04,220.28,8.6,12.19,59.55,142.7,0,0,31.84,61.26,12.37,46.28
3,Node_9,Solar,27.13,97.97,0.07,0.126,233.46,116.21,6.56,2.89,18.19,76.31,0,0,16.75,86.22,11.88,22.89
3,Node_9,Wind,55.78,84.05,0.31,0.139,224.91,248.01,16.65,68.11,12.51,143.06,0,0,31.35,52.84,14.15,47.77
3,Node_9,Grid,89.44,102.53,0.42,0.053,212.43,421.03,16.15,13.88,41.7,84.61,0,0,27.82,79.35,8.93,101.76
3,Node_10,Solar,81.18,45.74,0.13,0.066,214.39,378.66,14.09,5.45,1.55,63.52,1,0,25.99,87.95,11.03,79.68
3,Node_10,Wind,44.95,75.55,0.28,0.025,229.22,196.1,6.44,49.57,39.01,65.2,0,0,30.62,57.59,8.41,42.13
3,Node_10,Grid,29.71,57.29,0.14,0.107,211.87,140.23,6,79.74,48.84,111.52,0,0,27.48,61.62,10.98,27.66
4,Node_1,Solar,30.46,109.79,0.12,0.037,221.03,137.81,5.57,66.2,44.02,126.93,0,0,23.32,58.88,8.13,34.78
4,Node_1,Wind,30.97,78.18,0.19,0.012,217.24,142.56,9.14,64.12,57.57,98.79,0,0,25.96,57.26,13.91,26.99
4,Node_1,Grid,27.85,73.94,0.16,0.055,232.12,119.98,5.44,30.07,23.67,95.94,0,0,32.84,87.32,13.51,33.56
4,Node_2,Solar,55.01,52.92,0.18,0.015,237.05,232.06,10.58,50.98,39.56,139.51,1,0,27.28,34,11.63,49.41
4,Node_2,Wind,32.01,96.37,0.3,0.105,211.25,151.53,3.74,57.31,4.33,57.13,0,0,34.13,74.25,10.47,27.11
4,Node_2,Grid,81.97,89.52,0.17,0.034,212.95,384.93,19.02,61.15,15.9,52.09,0,0,34.36,47.73,13.38,75.33
4,Node_3,Solar,69.97,64.37,0.08,0.027,228.45,306.28,17.84,51.51,31.82,54.2,1,0,30.97,47.57,14.86,77.25
4,Node_3,Wind,79.85,103.06,0.36,0.028,220.15,362.71,22.81,17.97,22.33,93.21,0,0,27.26,86.58,9.68,88.85
4,Node_3,Grid,29.72,47.77,0.45,0.1,218.58,135.97,7.82,68.91,50.79,141.89,0,0,30.1,57.63,13.89,34.16
4,Node_4,Solar,72.49,45.97,0.13,0.148,238.12,304.43,7.87,13.19,7.9,122.6,1,0,19.27,60.35,13.88,76.16
4,Node_4,Wind,78.62,78.8,0.34,0.081,218.93,359.11,16.75,55.11,52.4,113.63,0,0,18.2,57.69,8.07,82.76
4,Node_4,Grid,99.34,38.93,0.26,0.122,216.12,459.65,20.96,58.65,36.96,68.8,1,0,30.68,63.25,8.04,94.71
4,Node_5,Solar,80.88,33.18,0.16,0.038,238.74,338.78,14.04,26.15,8.93,80.56,1,0,34.93,52.1,11.14,83.83
4,Node_5,Wind,67.44,65.24,0.27,0.107,210.1,320.99,15.1,28.44,47.65,59.3,1,0,24.62,68.54,8.45,69.13
4,Node_5,Grid,66.4,80.53,0.32,0.094,230.29,288.33,17.33,21.59,49.5,99.83,0,0,16.17,50.05,13.49,71.14
4,Node_6,Solar,61.38,69.62,0.07,0.056,223.02,275.22,7.23,17.65,35.89,123.57,0,0,33.66,68.55,10.95,64.79
4,Node_6,Wind,70.89,100.71,0.15,0.067,235.19,301.42,12.53,45.75,35.27,68.45,0,0,21.69,31.57,8.17,68.25
4,Node_6,Grid,61.45,56.89,0.48,0.046,222.89,275.7,16.87,67.35,11.17,130.26,1,0,24.66,38.01,8.56,65.31
4,Node_7,Solar,78.24,74.68,0.12,0.112,232.97,335.84,10.31,48.82,8.12,125.14,1,0,34.13,34.14,8.4,73.36
4,Node_7,Wind,39.76,111.56,0.2,0.048,232.78,170.81,7.55,62.14,3.92,98.76,0,0,16.25,84.39,8.97,35.3
4,Node_7,Grid,62.59,67,0.24,0.136,210.65,297.13,14.57,77.07,33.61,143.68,0,0,23.38,45.61,13.12,57.04
4,Node_8,Solar,65.23,71.75,0.2,0.095,220.49,295.84,8.01,12.1,13.52,75.1,0,0,26.22,61.4,8.8,68.07
4,Node_8,Wind,88.81,95.05,0.13,0.109,226.31,392.43,10.33,36.66,29.08,66.58,0,0,32,70.14,11.24,97.66
4,Node_8,Grid,63.63,35.6,0.31,0.123,223.78,284.34,7.02,62.9,12.08,75.86,1,0,21.6,75.41,11.64,58.46
4,Node_9,Solar,36.39,109,0.18,0.132,217.16,167.57,6.92,78.8,46.32,52.72,0,0,24.28,84.55,11.77,31.52
4,Node_9,Wind,72.54,103.99,0.25,0.119,238.93,303.6,10.21,41.87,17.23,129.29,0,0,27.69,77.87,10.77,72.51
4,Node_9,Grid,93.21,77.97,0.16,0.107,233.8,398.67,15.23,68.57,54.37,77.69,1,0,17.81,42.12,9.29,94.7
4,Node_10,Solar,32.17,69.63,0.14,0.022,236.47,136.04,8.39,40.42,58.03,91.78,0,0,28.36,68.08,9.16,35.97
4,Node_10,Wind,90.55,68.47,0.16,0.012,226.79,399.27,18.61,57.55,53.42,57.94,1,0,18.75,81.49,13.73,99.59
4,Node_10,Grid,45.15,72.41,0.43,0.074,220.73,204.55,8.98,66.26,20.11,67.38,0,0,31.52,36.04,9.68,46.9
5,Node_1,Solar,31.36,61.31,0.12,0.115,229.53,136.63,7.03,28.19,50.49,97.13,0,0,27.68,37.58,12.73,37.33
5,Node_1,Wind,25.57,45.74,0.44,0.042,235.11,108.76,3.99,51.43,41.65,101.27,0,0,19.25,31.99,10.13,19.96
5,Node_1,Grid,72.25,114.45,0.45,0.117,233.65,309.22,16.83,20.82,54.43,117.07,0,0,17.22,56.82,11.22,72.95
5,Node_2,Solar,50.43,117.91,0.07,0.069,211.26,238.71,12.51,73.45,16.8,135.83,0,0,33.22,75.24,13.63,55.93
5,Node_2,Wind,21.44,116.65,0.39,0.053,234.88,91.28,3.35,69.82,6.75,120.37,0,0,16.93,44.51,8.09,12.01
5,Node_2,Grid,67.87,56.75,0.22,0.114,211.44,320.99,19.04,68.18,40.07,109.32,1,0,18.71,34.74,9.68,66.39
5,Node_3,Solar,83.57,33.12,0.14,0.149,235.67,354.61,17.07,5.09,49.88,109.9,1,0,16.88,84.58,12.68,86.84
5,Node_3,Wind,54.43,58.53,0.27,0.118,228.06,238.67,15.16,35.47,36.43,113.13,0,0,29.05,44.25,11.59,67.87
5,Node_3,Grid,28.34,64.61,0.3,0.101,238.52,118.82,6.24,59.49,30.38,113.41,0,0,20.09,51.71,11.31,27.24
5,Node_4,Solar,35.69,84.97,0.09,0.039,225.5,158.27,3.61,0.61,13.14,53.67,0,0,21.78,78.16,12,25.35
5,Node_4,Wind,61.01,56.41,0.47,0.066,212.61,286.96,13.63,9.11,20.71,100.74,1,0,24.87,72.14,14.95,59.01
5,Node_4,Grid,51.57,67.96,0.26,0.137,231.42,222.84,11.43,24.75,49.43,145.51,0,0,15.03,68.18,8.36,48.31
5,Node_5,Solar,40.61,35.36,0.14,0.106,213.43,190.27,7.18,36.5,22.14,62.1,1,0,30.02,34.26,8.56,43.17
5,Node_5,Wind,73.49,91.08,0.24,0.093,210.3,349.45,16.7,73.06,36.75,137.37,0,0,17.41,84.15,8.47,72.65
5,Node_5,Grid,62.72,42.79,0.1,0.069,218.85,286.59,12.37,46.18,2.62,62.3,1,0,21.86,73.75,12.57,65.07
5,Node_6,Solar,54.39,90.57,0.09,0.053,233.67,232.76,10.3,63.87,49.35,135.76,0,0,23.62,49.13,12.08,58.62
5,Node_6,Wind,49.69,84.1,0.38,0.106,221.24,224.6,6.63,34.44,8.56,139.01,0,0,18.09,31.53,12.52,42.63
5,Node_6,Grid,25.74,66.87,0.22,0.105,228.17,112.81,4.45,17.43,59.28,95.4,0,0,17.81,59.14,8.19,31.81
5,Node_7,Solar,60.44,116.76,0.11,0.015,210.93,286.54,10.73,12.8,1.4,125.62,0,0,20.78,84,8.81,59.97
5,Node_7,Wind,91.07,84.26,0.43,0.148,218.65,416.51,26.61,31.16,23.13,84.04,1,0,18.08,63.22,11.79,92.21
5,Node_7,Grid,80.95,105.03,0.28,0.052,217.78,371.71,11.25,4.61,20.55,77.02,0,0,26.15,50.84,12.06,80.09
5,Node_8,Solar,70.1,74,0.11,0.149,236.41,296.52,15.75,45.55,37.24,70.13,0,0,15.79,58.53,11.8,64.56
5,Node_8,Wind,38.22,116.76,0.46,0.111,226,169.12,10.47,10.45,47.43,62.48,0,0,20.52,82.63,14.61,37.6
5,Node_8,Grid,98.48,73.51,0.45,0.092,221.26,445.09,15.48,16.26,45.71,88.65,1,0,24.85,64.64,14.06,92.62
5,Node_9,Solar,98.46,66.68,0.17,0.117,227.21,433.34,28.67,16.04,6.56,135.4,1,0,31.94,83.59,8.44,97.78
5,Node_9,Wind,60.83,86.39,0.47,0.013,224.31,271.19,14.45,57.82,41.55,63.44,0,0,22.17,78.27,9.95,65.85
5,Node_9,Grid,36.86,116.17,0.1,0.15,230.3,160.05,9.79,23.57,0.86,123.79,0,0,29.81,38.57,13.27,40.35
5,Node_10,Solar,81.29,106.13,0.14,0.022,224.63,361.88,9.39,32.6,24.43,56.6,0,0,17.22,78.49,14.63,87.2
5,Node_10,Wind,25.79,115.96,0.31,0.052,212.31,121.47,5.16,63.56,42.43,55.02,0,0,23.06,47.72,9.63,30.15
5,Node_10,Grid,94.34,66.46,0.46,0.055,224.29,420.62,13.7,51.24,58.74,110.35,1,0,27.96,37.38,14.22,91.19
6,Node_1,Solar,60.25,70.44,0.14,0.097,212.15,284,14.25,19.35,42.84,132.25,0,0,26.05,61.21,9,56.56
6,Node_1,Wind,59.74,55.58,0.15,0.098,211.63,282.29,14.92,25.41,0.01,101.11,1,0,20.52,72.42,8.44,64.19
6,Node_1,Grid,87.15,30.34,0.2,0.114,219.49,397.06,10.49,28.82,16.22,134.27,1,0,30.78,83.51,11.04,86.02
6,Node_2,Solar,97.13,38.04,0.15,0.079,221.63,438.25,22,56.31,0.26,66.7,1,0,28.33,87.96,13.33,100.91
6,Node_2,Wind,96.06,93.23,0.22,0.025,233.45,411.48,21.98,3.85,21.6,145.68,1,0,23.65,57.46,9.46,89.04
6,Node_2,Grid,24.19,99.08,0.27,0.125,235.51,102.71,3.44,52.59,28.34,138.02,0,0,28.56,66.47,10.07,17.11
6,Node_3,Solar,30.93,88.65,0.16,0.054,229.34,134.87,5.54,57.06,11.95,139.02,0,0,22.36,33.49,8.78,22.21
6,Node_3,Wind,86.84,31.32,0.25,0.057,210.58,412.38,10.84,33.09,29.57,90.43,1,0,26.9,30.6,11.25,87.44
6,Node_3,Grid,97.08,76.71,0.37,0.054,233.22,416.26,24.72,41.7,58.56,62.56,1,0,30.4,78.43,8.84,101.98
6,Node_4,Solar,61.44,61.33,0.11,0.01,218.99,280.56,14.09,77.94,50.82,52.36,1,0,30.66,76.82,11.21,57.73
6,Node_4,Wind,51.84,57.26,0.13,0.042,217.4,238.45,10.2,59.8,28.43,55.78,0,0,33.85,77.11,14.94,54.53
6,Node_4,Grid,26.05,62.91,0.19,0.037,214.22,121.6,5.85,62.51,34.7,64.7,0,0,27.72,53.29,12.72,26.31
6,Node_5,Solar,40.79,61.07,0.19,0.051,224.1,182.02,11.34,56.62,3.73,64.73,0,1,27.62,56.86,8.94,40.98
6,Node_5,Wind,39.35,75.05,0.37,0.021,218.24,180.31,10.29,36.77,32.79,93.28,0,0,18.31,56.73,9.46,42.27
6,Node_5,Grid,24,105.93,0.49,0.121,235.61,101.86,3.56,76.85,11.82,145.14,0,0,29.23,88.87,11.99,21.88
6,Node_6,Solar,67.48,36.58,0.14,0.147,215.7,312.84,17.44,72.63,56.62,146.01,1,0,34.55,75.44,9.13,59.39
6,Node_6,Wind,58.15,94.65,0.2,0.1,230,252.83,7.71,45.21,46.3,99.89,0,0,15.18,51.42,14.48,61.29
6,Node_6,Grid,37.77,58.95,0.44,0.112,212.86,177.44,7.02,2.33,28.85,116.24,0,0,20.78,53.87,14.44,31.42
6,Node_7,Solar,99.46,34.04,0.16,0.062,221.77,448.48,24.95,73.47,57.06,107.71,1,0,30.75,45.06,11.95,106.35
6,Node_7,Wind,39.23,47.24,0.47,0.024,225.18,174.22,5.66,3.11,2.16,67.52,0,0,20.65,87.03,12.07,33.01
6,Node_7,Grid,54.93,82.21,0.31,0.116,218.47,251.43,9.37,71.53,56.79,139.26,0,0,30.61,58.58,11.48,56.98
6,Node_8,Solar,34.89,59.84,0.18,0.039,212.13,164.47,3.97,75.26,30.42,90.94,0,0,31.72,49.93,12.86,28.26
6,Node_8,Wind,81.69,88.92,0.16,0.133,226.17,361.19,12.78,34.02,2.25,62.79,0,0,15,54.99,11.66,78.03
6,Node_8,Grid,44.32,50.74,0.1,0.112,239.01,185.43,6.42,53.04,44.51,134.84,0,0,21.06,49.52,12.99,39.2
6,Node_9,Solar,85.34,46.35,0.11,0.136,234.2,364.39,25.34,60.34,23.59,109.06,1,0,16.57,62.67,12.97,87.74
6,Node_9,Wind,66.7,115.7,0.12,0.047,228.05,292.48,10.63,57.15,45.54,60.25,0,0,25.18,52.16,14.53,63.85
6,Node_9,Grid,86.2,92.75,0.39,0.075,237.63,362.75,20.59,58.32,51.7,77.41,0,0,18.9,50.72,10.35,91.49
6,Node_10,Solar,64.97,115.24,0.12,0.063,214.89,302.34,16.71,58.76,23.06,52.52,0,0,15.23,72.22,14.79,69.66
6,Node_10,Wind,55.01,51.15,0.38,0.124,226.39,242.99,16.14,4.13,30.29,121.85,1,0,18.59,78,11.87,50.03
6,Node_10,Grid,89.22,44.15,0.22,0.051,236.14,377.83,20.93,63.73,15.03,112.49,1,0,31.66,84.37,8.09,87.82
7,Node_1,Solar,73.92,34.67,0.13,0.05,219.2,337.23,12.61,49.7,20.04,123.27,1,0,16.37,77.03,10,82.99
7,Node_1,Wind,46.6,35.09,0.25,0.142,229.25,203.27,10.92,50.58,11.94,91.83,1,0,17.03,46.67,9.93,43.31
7,Node_1,Grid,54.56,118.23,0.13,0.083,215.38,253.32,16.05,9.06,24.22,123.79,0,0,23.45,50.79,10.78,50.42
7,Node_2,Solar,58.64,54.17,0.09,0.102,239.06,245.29,12.94,6.16,4.54,145.14,1,0,16.84,65.94,12.37,55.33
7,Node_2,Wind,71.88,54.07,0.11,0.145,217.53,330.44,16.91,56.53,36.6,81.29,1,0,26.95,81.97,14.63,70.81
7,Node_2,Grid,67.01,93.1,0.37,0.067,210.46,318.4,14.51,20.25,27.02,145.76,0,0,31.8,41.31,12.71,68.39
7,Node_3,Solar,98.16,39.17,0.05,0.071,212.78,461.32,24.51,73.16,26.04,75.87,1,0,29.47,30.54,12.13,106
7,Node_3,Wind,39.36,94.26,0.14,0.038,236.32,166.55,9.75,1.1,14.9,71.44,0,0,19.95,33.75,11.21,45.81
7,Node_3,Grid,78.62,84.61,0.37,0.021,238.54,329.59,21.05,64.41,49.38,143.27,0,0,19.01,67.01,13.2,79.39
7,Node_4,Solar,25.48,63.4,0.19,0.092,226.15,112.67,3.92,29.48,53.72,116.65,0,0,24.09,67.81,9.74,34.04
7,Node_4,Wind,76.44,68.48,0.28,0.101,238.09,321.06,8.62,65.98,17.54,94.39,1,0,21.02,60.16,8.39,80.41
7,Node_4,Grid,28.43,98.8,0.26,0.102,217.81,130.53,3.75,12.84,4.23,68.56,0,0,32.63,78.85,12.8,28.35
7,Node_5,Solar,28.83,56.03,0.1,0.045,225.45,127.88,5.97,28.55,21.23,132.86,0,0,21.16,84.83,14.67,23.1
7,Node_5,Wind,60.45,114.7,0.45,0.024,221.78,272.57,12.74,40.25,11.63,135.88,0,0,31.76,81.53,13.24,53.63
7,Node_5,Grid,55.14,84.95,0.16,0.104,215.38,256.01,13.17,18.37,7.05,66.53,0,1,29.37,73.94,11.6,53.73
7,Node_6,Solar,48.34,39.48,0.08,0.083,228.23,211.8,7.21,4.62,23.46,73.42,1,0,34.2,66.98,11.9,50.46
7,Node_6,Wind,53.26,68.6,0.32,0.108,231.06,230.5,7.15,40.01,24.72,137.05,0,0,25.65,36.92,12.24,51.58
7,Node_6,Grid,31.43,92.29,0.18,0.065,236.87,132.69,4.43,40.62,25.16,51.81,0,0,16.38,58.46,11.92,27.48
7,Node_7,Solar,70.27,91.98,0.09,0.011,231.7,303.28,14.56,66.89,49.28,134.33,0,0,21.67,77.49,11.16,71.94
7,Node_7,Wind,90.6,71.97,0.13,0.064,234.11,387,25.4,16.28,4.02,137.74,1,0,25.84,88.08,8.47,89.11
7,Node_7,Grid,71.87,36.67,0.25,0.123,223,322.29,21.52,44.72,19.27,72.01,1,0,22.45,34.12,10.59,80.68
7,Node_8,Solar,72.54,93.79,0.05,0.04,229.85,315.6,14.28,0.43,48.27,127.28,0,0,16.33,75.99,12.09,71.13
7,Node_8,Wind,82.56,97.66,0.42,0.083,214.21,385.42,19.34,49.64,44.54,66.99,0,0,32.81,75,14.36,85.27
7,Node_8,Grid,72.33,110.02,0.33,0.099,214.69,336.9,14.09,57.31,16.26,70.23,0,0,19.83,42.89,10.97,79.54
7,Node_9,Solar,92.63,75.64,0.08,0.021,230.88,401.2,16.35,65.75,39.57,129.62,1,0,28.85,45.84,14.57,85.52
7,Node_9,Wind,41.56,47.18,0.38,0.041,227.86,182.39,6.36,52.96,48.9,127.8,0,0,18.75,35.3,12.89,47.09
7,Node_9,Grid,49.47,68.91,0.11,0.046,211.01,234.44,13.65,19.47,33.44,53.9,0,0,21.46,83.88,14.22,52.82
7,Node_10,Solar,99.69,104.29,0.18,0.045,227.3,438.58,11.31,7.59,59.93,82.66,0,0,31.13,81.48,14.98,98.23
7,Node_10,Wind,39.32,33.63,0.26,0.028,210.67,186.64,6.77,62.7,33.97,81.28,1,0,19.64,30.86,13.35,45.99
7,Node_10,Grid,23.12,105.34,0.35,0.089,228.74,101.08,6.31,46.95,34.86,149.07,0,0,23.85,72.44,10.72,26.27
8,Node_1,Solar,38.31,83.72,0.19,0.14,220.26,173.93,7.87,16.93,59.74,148.11,0,0,31.09,72.91,12.15,37.98
8,Node_1,Wind,73.98,90.98,0.25,0.142,215.02,344.06,14.8,55.27,41.83,114.86,0,0,18.12,68.16,12.2,70.71
8,Node_1,Grid,34.35,93.46,0.28,0.103,235.12,146.1,4.6,1.53,46.75,110.97,0,0,31.76,78.17,14.73,29.45
8,Node_2,Solar,52.15,43.83,0.14,0.049,237.64,219.45,11.3,47.43,21.3,55.2,1,0,23.47,35.07,12.25,67.46
8,Node_2,Wind,90.48,109.46,0.36,0.04,235.89,383.57,25.08,15.73,44.25,78.65,0,0,34.94,31.8,14.28,91.92
8,Node_2,Grid,57.2,106.26,0.12,0.057,212.01,269.8,16.88,65.36,51.15,143.8,0,0,22.71,34.26,9.48,57.57
8,Node_3,Solar,38.35,72.22,0.09,0.024,215.02,178.36,4.96,77.85,45.56,146.78,0,0,20.57,77.9,10.28,33.28
8,Node_3,Wind,30.37,53.08,0.24,0.104,211.88,143.34,4.32,64.72,8.82,84.26,0,0,18.1,34.96,11.39,26.56
8,Node_3,Grid,44.19,80.71,0.42,0.029,227.42,194.31,8.89,11.53,37.44,77.36,0,0,16.65,57.58,10.15,38.26
8,Node_4,Solar,78,81.69,0.15,0.119,235.87,330.69,12.7,43.04,50.41,148.95,0,0,22.43,41.71,11.43,66.39
8,Node_4,Wind,79.33,74.33,0.29,0.127,220.84,359.22,21.57,32.54,19.69,95.4,1,0,17.52,41.79,14.66,80.64
8,Node_4,Grid,66.35,74.07,0.36,0.042,226.58,292.83,11.57,52.93,8.47,107.09,0,0,20.57,43.12,9.28,60.07
8,Node_5,Solar,86.06,55.71,0.19,0.146,227.14,378.89,11.07,29.96,47.86,86.74,1,0,26.14,80.71,13.57,88.66
8,Node_5,Wind,37.64,49.64,0.45,0.045,217.9,172.74,3.77,69.65,47.56,112.73,0,0,18.04,57.5,10.46,32.75
8,Node_5,Grid,27.5,73.75,0.47,0.016,218.74,125.72,3.89,19.05,54.51,96.81,0,0,30.21,39.27,11.41,37.2
8,Node_6,Solar,99.96,99.25,0.11,0.126,215.12,464.67,10.61,16.36,20.42,101.06,1,0,33.21,60.59,11.51,92.95
8,Node_6,Wind,24.02,33.14,0.32,0.071,235.18,102.13,3.17,2,26.94,73.75,0,0,29.49,36.7,12.26,19.95
8,Node_6,Grid,50.38,102.13,0.26,0.115,213.76,235.68,12.82,18.95,40.64,106.58,0,0,22.75,33.97,8.13,47.65
8,Node_7,Solar,86.15,77.23,0.17,0.043,220.35,390.97,9.13,76.92,40.07,143.32,1,0,27.23,70.71,10.22,87.81
8,Node_7,Wind,42.2,55.35,0.49,0.011,231.48,182.31,10.18,49.82,59.41,81.19,0,0,16.58,56.57,9.83,44.87
8,Node_7,Grid,47.47,105.11,0.47,0.036,221.18,214.62,13.56,4.94,5.54,66.28,0,0,18.01,88.08,11.13,39.22
8,Node_8,Solar,57.68,89.57,0.16,0.116,227.34,253.72,16.2,65.39,45.42,55.56,0,1,19.25,69.81,10.88,57.73
8,Node_8,Wind,52.19,109.61,0.46,0.137,219.42,237.85,12.43,21.73,11.44,68.46,0,0,23.6,79.86,8.84,53.34
8,Node_8,Grid,43.04,74.35,0.22,0.093,223.02,192.99,5.72,9.33,32.8,140.24,0,0,29.66,69.52,14.52,51.6
8,Node_9,Solar,85.68,80.99,0.15,0.136,221.99,385.96,14.17,0.86,49.59,130.1,1,0,26.54,57.84,8.83,86.42
8,Node_9,Wind,79.11,32.92,0.36,0.085,213.1,371.23,10.64,45.44,17.78,143.83,1,0,34.67,45.58,14.79,75.71
8,Node_9,Grid,54.5,61.28,0.12,0.017,230.76,236.18,10.44,18.12,36.84,75.29,0,0,22.18,79.41,13.74,43.68
8,Node_10,Solar,49,102.51,0.1,0.039,212.54,230.54,9.47,38.57,50.45,72.12,0,0,31.17,79.42,10.69,47.36
8,Node_10,Wind,56.73,57.3,0.47,0.027,238.01,238.35,13.43,42.53,1.96,97.56,0,0,18.22,69.38,14.8,65.35
8,Node_10,Grid,25.48,67.59,0.15,0.096,238.15,106.99,5.92,6.14,21.28,105.07,0,0,31.67,78.88,12.28,27.98
9,Node_1,Solar,49.88,52.98,0.07,0.06,222.4,224.28,11.73,52.65,4.21,89.53,0,0,18.14,79.64,8.29,43.88
9,Node_1,Wind,90.35,80.13,0.19,0.08,231.94,389.54,26.35,17.64,53.17,143.43,1,0,27.71,67.79,10.82,88.89
9,Node_1,Grid,80.19,77.82,0.37,0.07,231.94,345.74,21.24,11.71,49.98,104.03,1,0,23.63,52.74,14.41,83.46
9,Node_2,Solar,58.72,76.27,0.1,0.09,219.76,267.2,6.33,21.76,0.38,147.84,0,0,22.9,73.7,10.42,56.35
9,Node_2,Wind,73.69,102.49,0.48,0.066,233.5,315.59,11.29,79.23,1.55,110.35,0,0,28.76,37.22,14.57,75.91
9,Node_2,Grid,37.81,57.65,0.32,0.068,214.81,176.02,5.07,33.45,45.44,139.8,0,0,22.86,36.01,8.12,32.05
9,Node_3,Solar,72.94,84.22,0.07,0.043,210.71,346.16,19.47,77.98,8.13,73.15,0,0,33.53,55.18,8.35,73.36
9,Node_3,Wind,51.43,32.58,0.33,0.012,233.62,220.14,8.29,3.22,35.3,89.77,1,0,25.88,46.51,12.97,48.83
9,Node_3,Grid,41.72,111.38,0.25,0.087,211.52,197.24,7.73,66.59,48.34,72.43,0,0,31.35,85.82,8.67,31.79
9,Node_4,Solar,89.66,37.52,0.08,0.115,211.54,423.84,17.8,35.37,20.06,89.46,1,0,18.23,64.32,13.64,86.61
9,Node_4,Wind,80.81,43.85,0.16,0.048,220.83,365.94,14.68,54.38,3.4,53.47,1,0,28.94,41.61,12.49,83.43
9,Node_4,Grid,91.66,56.76,0.19,0.068,217.22,421.97,21.49,66.09,40.39,132.44,1,0,18.13,74.28,10.52,90.03
9,Node_5,Solar,73.7,54.36,0.06,0.149,214.69,343.29,21.94,78.18,47.63,115.94,1,0,32.32,47.37,11.27,67.13
9,Node_5,Wind,54.2,59.73,0.33,0.129,216.05,250.87,15.55,55.13,49.4,105.62,0,0,15.32,79.1,8.28,63.03
9,Node_5,Grid,91.19,119.28,0.22,0.039,232.96,391.44,13.73,69.24,6.17,62.6,0,0,28.48,80.81,10.27,95.7
9,Node_6,Solar,68.25,91.43,0.14,0.07,218.28,312.67,17.32,18.1,41.54,73.33,0,0,29.94,43.12,8.42,76.69
9,Node_6,Wind,30.48,84.54,0.44,0.016,232.02,131.37,5.13,38.28,55.73,83.2,0,0,15.27,34.9,9.81,30.86
9,Node_6,Grid,54.11,79.33,0.17,0.051,229.91,235.35,15.86,4.03,53.42,107.69,0,0,25.01,34.16,8.63,52.75
9,Node_7,Solar,68.07,60.69,0.19,0.067,214.3,317.64,16.54,23.47,31.53,119.78,1,0,30.84,70.58,12.76,67.49
9,Node_7,Wind,20.09,54.48,0.19,0.103,229.01,87.73,4.39,1.3,43.73,82.35,0,0,26.13,50.56,8.94,21.35
9,Node_7,Grid,27.55,104.84,0.47,0.101,213.1,129.28,4.97,58.32,46.79,61.82,0,1,29.24,51.4,9.78,27.67
9,Node_8,Solar,88.09,116.19,0.13,0.082,212.55,414.44,18.48,30.4,36.43,88.87,0,0,16.9,48.9,8.68,86.59
9,Node_8,Wind,34.15,118.86,0.28,0.084,236.21,144.57,10.21,46.62,48.75,82.69,0,0,23.05,70.35,12.78,30.19
9,Node_8,Grid,70.59,41.55,0.33,0.107,231.02,305.56,17.7,69.83,30,123.02,1,0,18.73,31.54,9.99,68.59
9,Node_9,Solar,55.44,85.54,0.18,0.037,213.77,259.34,16.23,8.64,28.71,108.56,0,0,16.72,33.42,8.74,61.34
9,Node_9,Wind,38.7,87.4,0.43,0.016,224.94,172.05,9.21,20.18,18.47,111.36,0,0,31.2,64.99,13.11,50.09
9,Node_9,Grid,49.19,87.69,0.29,0.037,231.05,212.9,10.39,28.69,54.68,52.09,0,0,16.14,75.99,12.91,55.31
9,Node_10,Solar,51.67,98.06,0.12,0.068,238.04,217.06,7.76,9.64,35.07,146.93,0,0,16.24,50.36,11.54,45.8
9,Node_10,Wind,32.95,89.23,0.5,0.073,220.64,149.34,5.94,9.21,53,91.48,0,0,28.19,56.52,12.54,33.81
9,Node_10,Grid,96.37,43.63,0.29,0.094,227.45,423.7,17.37,27.05,7.61,89.17,1,0,29.69,42.53,8.41,98.92
10,Node_1,Solar,64.19,83.57,0.18,0.091,220.36,291.3,16.73,43.22,4.76,106.59,0,0,22.93,47.78,9,63.08
10,Node_1,Wind,67.65,37.26,0.48,0.116,227.6,297.23,17.97,6.41,28.61,113.01,1,0,30.67,46.62,14.59,61.9
10,Node_1,Grid,29.95,108.76,0.49,0.035,231.66,129.28,3.24,32.43,30.98,108.06,0,0,28.45,58.88,13.67,27
10,Node_2,Solar,30.57,69.59,0.15,0.063,211.64,144.44,6.72,72.19,22.99,71.63,0,0,15.97,79.23,13.78,34.79
10,Node_2,Wind,67.04,61.78,0.42,0.088,234.78,285.54,15.17,62.75,35.91,91.41,1,0,25.82,66.31,9.54,72.55
10,Node_2,Grid,34.79,35.36,0.34,0.117,225.7,154.14,5.06,53.32,4.81,94.18,0,0,18.69,42.14,10.71,44.47
10,Node_3,Solar,24.09,65.8,0.13,0.078,221.48,108.77,6.45,11.63,30.34,56.2,0,0,26.48,63.96,14.15,26.82
10,Node_3,Wind,23.9,38.82,0.12,0.036,226.24,105.64,5.48,3.65,56.76,134.22,0,0,16.54,40.19,8.89,24.24
10,Node_3,Grid,29.86,76.67,0.2,0.06,239.69,124.58,7.07,75.92,8.55,88.21,0,0,16.54,30.25,12.69,24.29
10,Node_4,Solar,59.17,67.39,0.05,0.057,215.31,274.81,7.08,76.54,35.96,122.87,0,0,22.86,44.22,8.68,68.02
10,Node_4,Wind,34.32,101.78,0.37,0.087,224.25,153.04,9.76,5.82,16.84,84.99,0,0,34.85,44.44,14.12,31.84
10,Node_4,Grid,51.95,66.87,0.49,0.035,233.97,222.04,8.67,58.47,25.2,107.84,0,0,31.08,81.99,8.42,54.93
10,Node_5,Solar,75.36,42.6,0.11,0.087,222.08,339.34,15.37,79.72,8.11,117.55,1,0,17.66,39.52,14.64,82.2
10,Node_5,Wind,58.7,67.66,0.24,0.093,227.27,258.28,7.77,37.74,33.21,107.03,0,0,29.85,31.51,10.48,52.86
10,Node_5,Grid,82.42,80.75,0.2,0.107,227.02,363.05,21.37,58.8,36.61,98.82,1,0,20.23,55.15,12.2,73.18
10,Node_6,Solar,20.52,74.66,0.09,0.113,210.72,97.38,4.45,75.32,10.46,97.16,0,0,27.51,63.03,10.85,21.12
10,Node_6,Wind,61.71,110.69,0.18,0.013,235.85,261.65,13.29,71.25,35.82,131.02,0,0,30,84.78,12,58.85
10,Node_6,Grid,35.89,52.22,0.22,0.088,227.64,157.66,6.65,49.23,4.89,58.78,0,0,25.36,42.84,9.98,31.94
10,Node_7,Solar,52.03,103.07,0.05,0.101,230.07,226.15,13.51,74.62,1.21,65.38,0,0,24.17,63.88,12.64,54.43
10,Node_7,Wind,99.76,94.81,0.21,0.133,211.48,471.72,14.59,71.79,15.37,72.07,1,0,32.18,60,12.72,100.75
10,Node_7,Grid,39.13,98.22,0.4,0.054,222.32,176.01,5.55,78.12,38.74,143.45,0,0,30.64,75.95,12.84,38.65
10,Node_8,Solar,30.46,90.45,0.16,0.091,216.2,140.89,6.12,24.98,25.65,114.52,0,0,19.64,54.32,9.88,32.54
10,Node_8,Wind,35.89,100.5,0.46,0.062,232.54,154.34,10.03,67.69,10.97,145.63,0,0,21.78,33.75,11.4,34.43
10,Node_8,Grid,45.36,102.79,0.45,0.052,235.76,192.4,12.31,61.17,8.8,119.03,0,0,28.65,49.9,11.5,43.09
10,Node_9,Solar,71.66,75.95,0.07,0.054,234.07,306.15,19.51,10.98,57.14,82.88,0,0,30.04,78.72,14.62,75.74
10,Node_9,Wind,30.53,93.45,0.4,0.105,217.57,140.32,8.38,13.51,3.22,121.75,0,0,31.98,53,9.18,28.4
10,Node_9,Grid,86.92,79.4,0.18,0.111,225.33,385.75,19.2,36.87,49.72,132.96,1,0,17.11,80.33,12.7,82.03
10,Node_10,Solar,90.34,95.28,0.07,0.067,236.59,381.84,9.89,76.91,40.75,113.14,0,0,19.98,86.52,10.09,97.37
10,Node_10,Wind,82.04,65.38,0.16,0.012,226.33,362.48,24.21,29.53,21.43,84.41,1,0,23.81,82.79,11.54,76.35
10,Node_10,Grid,98.62,52.5,0.13,0.103,227.86,432.81,18.05,33.78,47.1,69.57,1,0,27.97,55.14,11.21,98.74
11,Node_1,Solar,40.53,97.69,0.13,0.055,227.88,177.86,12.12,34.82,55.24,84.5,0,0,19.08,55.12,9.54,42.92
11,Node_1,Wind,33.43,40.83,0.13,0.111,237.86,140.54,6.22,9.53,30.74,84.88,0,0,27.43,73.12,8.77,36.83
11,Node_1,Grid,22.85,119.49,0.19,0.018,215.7,105.93,2.46,31.34,48.14,84.12,0,0,28.51,60.53,14.03,21.79
11,Node_2,Solar,99.11,73.49,0.2,0.116,217.46,455.76,20.58,79.37,51.45,59.74,1,0,21.91,30.42,10.82,106.63
11,Node_2,Wind,38.78,103.7,0.23,0.126,210.02,184.65,6.27,19.29,14.01,56.82,0,0,26.11,47.48,10.92,43.38
11,Node_2,Grid,92.42,74.37,0.23,0.025,238.6,387.34,10.36,23.81,17.88,82.04,1,0,30.66,37.35,12.44,90.91
11,Node_3,Solar,29.91,36.35,0.19,0.037,234.64,127.47,6.25,6.23,57.33,74.7,0,0,18.38,81.24,8.09,37.76
11,Node_3,Wind,94.78,111.83,0.43,0.134,215.98,438.84,14.86,23.12,22.62,89.33,0,0,18.2,71.47,9.17,95.12
11,Node_3,Grid,44.82,75.3,0.42,0.114,229.37,195.4,5.88,43.76,5.25,87.74,0,0,15.8,46.44,14.69,44.15
11,Node_4,Solar,23.45,46.12,0.11,0.143,214.24,109.46,5.93,8.69,58.88,88.16,0,0,21.85,67.66,9.34,25.51
11,Node_4,Wind,31.68,114.43,0.47,0.134,228.76,138.49,8.29,5.52,20.09,81.37,0,0,22.12,38.91,12.18,29.46
11,Node_4,Grid,30.58,47.7,0.19,0.052,229.28,133.37,6.73,55.69,21.75,132.4,0,0,24.38,78.06,9.26,36.49
11,Node_5,Solar,28.79,109.53,0.1,0.106,210.76,136.6,6.85,25.29,3.34,110.98,0,0,22.74,34.83,9.03,26.11
11,Node_5,Wind,92.87,30.54,0.29,0.027,219.23,423.62,26.49,12.94,57.95,70.58,1,0,25.93,83.07,11.88,91.55
11,Node_5,Grid,62.76,47.59,0.17,0.138,219.84,285.48,10.95,60.79,20.33,145.21,1,0,26.95,82.85,8.35,61.56
11,Node_6,Solar,38.16,96.95,0.19,0.069,220.26,173.25,11.15,35.59,29.34,85.16,0,0,26.38,75.73,13.68,29.81
11,Node_6,Wind,47.35,69.03,0.44,0.061,233.82,202.51,13.65,49.86,44.5,130.51,0,0,22.9,33.08,10.81,44.58
11,Node_6,Grid,79.92,62.13,0.35,0.036,232.48,343.77,16.71,16.33,17.51,124.86,1,0,19.32,88.04,13.01,89.62
11,Node_7,Solar,96.57,68.44,0.12,0.136,225.75,427.77,23.32,20.17,26.8,62.34,1,0,15.02,32.36,14.84,100.33
11,Node_7,Wind,87.13,79.56,0.16,0.112,228.01,382.13,21.46,61.58,58.52,107.36,1,0,27.97,34.11,14.28,81.19
11,Node_7,Grid,29.55,59.51,0.43,0.094,221.81,133.22,5.75,68.36,20.4,136.96,0,0,30.54,80.85,9.27,23.51
11,Node_8,Solar,76.53,78.18,0.15,0.038,216.35,353.73,8.29,25.77,33.58,135.79,0,0,23.71,87.19,13.03,75.27
11,Node_8,Wind,94.41,77.48,0.2,0.017,231.78,407.33,11.73,24.22,31.95,106.44,1,0,18.33,52.78,12.32,94.79
11,Node_8,Grid,67.34,47.28,0.37,0.097,228.07,295.26,13.33,42.29,20.07,101.93,1,0,31.1,41.15,8.59,67.96
11,Node_9,Solar,54.9,89.25,0.12,0.049,226.75,242.12,9.3,74.63,55.36,100.24,0,0,29.74,32.2,11.32,57.88
11,Node_9,Wind,20.96,79.75,0.4,0.078,212.56,98.61,6.17,41.44,36.85,73.66,0,0,23.58,34.49,8.74,19.8
11,Node_9,Grid,87,51.58,0.18,0.081,233.06,373.29,9.78,46.14,7.15,53.65,1,0,31.68,37.08,8.32,92.89
11,Node_10,Solar,40.99,67.95,0.06,0.073,227.33,180.31,8.78,26.59,18.93,60.66,0,0,16.99,76,14.76,39.93
11,Node_10,Wind,97.61,107.86,0.34,0.108,218.56,446.61,22.07,36.45,28.92,125.78,0,0,21.36,85.48,8.39,101.98
11,Node_10,Grid,68.83,79.18,0.2,0.058,235.56,292.2,14.58,41.18,5.97,51.6,0,0,22.54,66.19,8.56,68.68
12,Node_1,Solar,74.65,113.93,0.14,0.028,227.45,328.2,18.91,32.51,52.79,114.87,0,0,27.47,37.88,10.17,78.47
12,Node_1,Wind,44.08,46.56,0.4,0.076,216.77,203.35,9.84,3.23,19.57,96.86,0,0,34.69,42.55,8.91,49.72
12,Node_1,Grid,36.28,99.22,0.27,0.089,210.63,172.25,3.88,35.67,49,138.52,0,0,25.77,84.79,10.72,35.38
12,Node_2,Solar,94.83,97.63,0.19,0.105,220.9,429.29,27.28,22.05,19.93,120.08,0,0,33.59,42.29,13.59,95.64
12,Node_2,Wind,79.08,35.74,0.25,0.05,219.13,360.88,23.45,51.42,43.06,147.66,1,0,31.04,56.07,14.09,75.7
12,Node_2,Grid,80.5,65.44,0.34,0.072,232.27,346.58,11.73,4.68,18,97.43,1,0,22.1,54,8.4,75.03
12,Node_3,Solar,66.66,109.59,0.07,0.094,229.94,289.9,12.26,56.09,24.64,100.46,0,1,28.83,69.68,8.27,67.43
12,Node_3,Wind,53.66,75.18,0.46,0.11,227.46,235.91,13.93,69.15,27.41,97.51,0,0,34.33,71.83,8.58,53.45
12,Node_3,Grid,89.04,73.25,0.13,0.087,222.51,400.16,24.53,16.32,49.59,105.77,1,0,34.44,60.76,10.04,94.77
12,Node_4,Solar,44.39,47.34,0.07,0.052,233.4,190.19,8.63,18.2,9.97,83.27,0,0,21.86,89.29,11.4,43.9
12,Node_4,Wind,34.33,110.2,0.28,0.109,239.51,143.33,3.78,7.74,43.23,78.18,0,0,15.79,31.31,13.42,33.84
12,Node_4,Grid,68.47,68.55,0.11,0.12,210.32,325.55,17.28,71.46,25.97,103.55,0,0,22.78,83.25,14.26,62.93
12,Node_5,Solar,46.87,85.36,0.19,0.145,225.27,208.06,8.93,22.3,57.53,64.28,0,0,20.65,46.74,10.83,42.9
12,Node_5,Wind,32.36,69.56,0.3,0.046,219.49,147.43,3.8,24.26,57.99,144.47,0,0,26.42,84.58,8.04,33.11
12,Node_5,Grid,84.85,115.35,0.14,0.033,238.82,355.29,17.61,1.14,15.46,94.99,0,0,29.66,89.73,10.01,94.79
12,Node_6,Solar,52.45,45.22,0.2,0.129,224.95,233.16,11.57,18.18,32.63,119.5,1,0,34.81,66.68,10.6,63.85
12,Node_6,Wind,81.77,45.34,0.25,0.059,222.95,366.76,20.96,38.73,47.64,107.65,1,0,31.2,44.3,9.57,73.18
12,Node_6,Grid,20.73,88.35,0.3,0.072,239.01,86.73,4.44,69.07,8.37,106.92,0,0,26.66,73.08,10.6,20.89
12,Node_7,Solar,27.4,71.21,0.11,0.131,217.32,126.08,8.04,76.65,14.86,84.81,0,0,34.33,56.61,10.25,37.15
12,Node_7,Wind,41.88,96.28,0.12,0.017,221.59,189,7.15,25.25,29.46,82.07,0,0,21.19,88.49,10.88,43.24
12,Node_7,Grid,55.58,81.89,0.49,0.044,230.44,241.19,13.52,48.59,5.31,117.69,0,0,26.92,74.37,9.48,54.88
12,Node_8,Solar,37.41,42.04,0.19,0.02,215.97,173.22,6.34,49.62,32.69,62.56,0,0,19.78,42.81,10.88,43.44
12,Node_8,Wind,76.32,49.57,0.25,0.065,239.29,318.94,22.2,64.01,14.5,56.8,1,0,20.34,60.36,13.44,76.83
12,Node_8,Grid,48.77,91.85,0.23,0.019,231.05,211.08,4.97,32.73,19.76,119.34,0,0,21.08,78.7,10.06,49.3
12,Node_9,Solar,55.71,95.43,0.15,0.148,216.75,257.02,12.95,48.77,54.91,65.64,0,0,26.37,46.48,11.32,60.01
12,Node_9,Wind,91.12,81.24,0.35,0.083,211.53,430.77,13.36,39.36,18.61,68.18,1,0,21.46,45.49,11.25,82.1
12,Node_9,Grid,30.66,113.5,0.45,0.109,213.19,143.82,7.82,64.64,46.07,61.4,0,0,31.69,64.64,12.52,39.25
12,Node_10,Solar,22.75,87.51,0.06,0.071,218.78,103.99,4.76,10.67,41.5,129.5,0,0,17.09,38.73,14.14,10.29
12,Node_10,Wind,62.26,72.05,0.14,0.101,236.04,263.77,16.54,50.08,4.52,61.24,0,0,20.15,38.14,9.82,65.14
12,Node_10,Grid,68.83,105.15,0.38,0.026,232.08,296.58,10.67,51.13,20.46,149.77,0,0,20.58,85.84,8.17,68.08
13,Node_1,Solar,75.74,95.28,0.18,0.146,239.27,316.55,8.56,65.75,38.78,114.73,0,0,28,88.95,14.38,73.03
13,Node_1,Wind,48.98,104.38,0.38,0.074,211.65,231.42,9.08,37.52,55.71,114.11,0,0,25.51,33.96,14.81,48.62
13,Node_1,Grid,48.8,73.01,0.24,0.106,229.87,212.29,11.86,21.45,18.94,62.53,0,0,15.8,65.86,14.09,48.17
13,Node_2,Solar,56.74,36.93,0.15,0.125,217.34,261.07,10.45,67.11,52.63,74.32,1,0,18.85,36.11,14.38,61.58
13,Node_2,Wind,85.64,98.4,0.12,0.128,223.14,383.79,14.43,43.72,5.48,125.66,0,0,18.73,41.29,9.29,86.26
13,Node_2,Grid,87.23,31.57,0.12,0.09,234.58,371.86,14.42,27.97,35.78,77.42,1,0,29.7,67.54,12.07,84.1
13,Node_3,Solar,79.33,90.77,0.08,0.059,213.78,371.08,9.99,54.1,51.52,146.27,0,0,18.68,36.34,13.69,88.67
13,Node_3,Wind,82.52,93.29,0.43,0.018,232.43,355.03,22.29,22.89,38.43,81.42,0,0,15.67,64.79,9.17,88.74
13,Node_3,Grid,76.98,45.83,0.19,0.079,237.45,324.19,10.96,11.54,45.54,100.06,1,0,17.93,68.76,9.63,79.34
13,Node_4,Solar,67.49,97.93,0.1,0.073,222.16,303.79,20.03,23.38,17.69,85.45,0,0,20.05,84.92,9.86,63.08
13,Node_4,Wind,91.67,39.31,0.36,0.137,215.06,426.25,26.92,36.23,56.74,117.68,1,0,18.77,48.22,8.65,98.46
13,Node_4,Grid,31.31,41.73,0.36,0.038,212.93,147.04,4.18,73.9,49.29,85.41,0,0,25.75,70.63,12.78,29.54
13,Node_5,Solar,70.3,53.95,0.06,0.074,236.73,296.96,15.04,66.59,59.5,66.36,1,0,28.49,88.8,14.9,64.85
13,Node_5,Wind,83.88,39.63,0.41,0.137,221.49,378.71,18.97,34.41,26.27,81.04,1,0,33.72,86.45,9.22,87.85
13,Node_5,Grid,89.98,96.37,0.2,0.019,218.04,412.68,25.41,50.65,43.26,75.72,0,0,15.56,52.52,12.39,91.37
13,Node_6,Solar,38.8,88.71,0.11,0.093,213.22,181.97,4.01,72.77,16.18,131.97,0,0,19.23,45.91,12.64,37.28
13,Node_6,Wind,97.24,112.42,0.3,0.121,214.07,454.24,28.73,77.15,9.82,79.94,0,0,20.43,78.96,10.65,95.97
13,Node_6,Grid,98.51,86.67,0.27,0.033,239.59,411.16,26.02,22.52,4.2,55.66,1,0,26.62,85.73,11.48,95.2
13,Node_7,Solar,87.44,70.13,0.16,0.112,215.22,406.28,15.06,50.98,4.24,86.15,1,0,34.92,58.47,13.71,94.31
13,Node_7,Wind,67.63,109.79,0.26,0.095,228.9,295.46,12.41,11.54,5.61,51.67,0,0,19.73,42.69,13.15,66.05
13,Node_7,Grid,45.6,75.54,0.17,0.144,235.55,193.59,12.44,32.54,45.74,64.39,0,1,15.4,65.2,11.19,44.4
13,Node_8,Solar,53.81,94.63,0.12,0.113,216.99,247.98,14.13,47.07,12.65,73.67,0,0,31.6,54.94,9.81,53.85
13,Node_8,Wind,89.36,90.23,0.28,0.078,216.13,413.45,20.14,28.7,59.74,98.02,0,0,26.32,85.01,13.61,98.1
13,Node_8,Grid,66.9,74.31,0.18,0.075,217.37,307.77,18.93,26.83,57.14,103.31,0,0,25.86,37.76,10.63,64.95
13,Node_9,Solar,27.93,86.07,0.12,0.119,216.61,128.94,3.71,32.51,55.6,121.04,0,0,25.35,35.05,14.89,21.76
13,Node_9,Wind,66.86,39.85,0.49,0.034,229.44,291.41,9.97,57.4,46.61,117.34,1,0,32.85,34.72,10.32,71.65
13,Node_9,Grid,39.86,118.92,0.26,0.113,230.54,172.9,5.68,19.12,16.88,91.11,0,0,15.39,82.76,14.76,33.5
13,Node_10,Solar,20.57,91.22,0.17,0.031,214.79,95.77,5.31,49.3,2.69,112.25,0,0,22.37,76.18,13.68,14.33
13,Node_10,Wind,52.03,115.24,0.26,0.118,224.52,231.74,14.54,72.62,5.25,143.65,0,0,30.83,42.05,13.64,49.71
13,Node_10,Grid,96.18,34.49,0.16,0.085,227.27,423.2,22.03,1.36,57.62,54.46,1,0,15.28,64.01,14.53,100.03
14,Node_1,Solar,73.28,104.04,0.05,0.086,223.79,327.45,14.64,5.78,41.07,100.32,0,0,24.71,38.96,12.54,73.95
14,Node_1,Wind,69.05,44.15,0.48,0.083,212.19,325.42,15.56,20.26,48.22,131.78,1,0,25.04,57.3,13.27,68.46
14,Node_1,Grid,30.6,79.22,0.32,0.023,222.54,137.5,8.28,68.49,5.95,59.07,0,0,32.5,37.73,13.04,31.85
14,Node_2,Solar,48.49,101,0.09,0.099,217.07,223.38,11.77,69.89,7.61,136.66,0,0,17.54,55.65,9.13,44.43
14,Node_2,Wind,76.03,98.3,0.14,0.081,234.44,324.3,21.84,41.08,57.02,103.57,0,0,31.96,59.58,11.3,82.07
14,Node_2,Grid,86.56,66.32,0.23,0.079,227.18,381.02,12.78,63.52,29.19,83.4,1,0,19.78,86.96,10.14,86.39
14,Node_3,Solar,33.51,71.46,0.1,0.015,219.69,152.53,7,44.14,21.39,94.73,0,0,22.55,45.49,9.7,41.42
14,Node_3,Wind,36.48,93.84,0.11,0.069,233.28,156.38,6.12,45.1,12.3,124.2,0,0,32.05,41.89,14.12,35.19
14,Node_3,Grid,48.2,95.04,0.23,0.137,213.8,225.44,6.54,39.44,4.92,69.6,0,0,34.53,52.58,14.46,39.66
14,Node_4,Solar,76.19,89.3,0.2,0.047,230.16,331.03,8.41,9.09,0.24,149.95,0,0,30.73,60.58,10.1,77.85
14,Node_4,Wind,32.1,55.62,0.25,0.116,226.19,141.92,3.71,1.44,6.14,91.05,0,0,27.75,78.11,11.26,28.04
14,Node_4,Grid,90.07,100.48,0.17,0.082,224.62,400.99,20.27,75.69,34.79,104.02,0,0,16.26,41.24,8.23,88.64
14,Node_5,Solar,79.47,95.1,0.07,0.127,214.64,370.25,12.73,19.92,22.34,75.47,0,0,23.15,89.19,8.39,76.8
14,Node_5,Wind,86.92,76.07,0.31,0.089,215.12,404.05,12.13,25.51,35.61,71.01,1,0,34.4,31.32,13.62,87.67
14,Node_5,Grid,83.04,56.75,0.15,0.03,230.92,359.61,18.98,62.62,56.25,119.19,1,0,19.87,80.53,9.47,84.05
14,Node_6,Solar,52.2,112.8,0.15,0.023,238.44,218.92,7.92,26.98,24.14,55.12,0,0,17.47,54.06,10.45,50.09
14,Node_6,Wind,81.83,102.29,0.16,0.061,221.2,369.94,10.66,63.88,42.43,69.04,0,0,17.12,67.69,8.85,88.49
14,Node_6,Grid,92.91,79.87,0.17,0.063,235.29,394.87,21.26,52.06,52.01,139.4,1,0,16.9,62.65,13.18,83.6
14,Node_7,Solar,80.55,84.6,0.08,0.122,231.6,347.8,9.44,37.1,10.44,83.75,0,0,23.01,62.99,12.34,85.4
14,Node_7,Wind,37.24,40.84,0.44,0.032,239.24,155.66,10,40.07,58.89,59.74,0,0,27.76,51,14.5,39.6
14,Node_7,Grid,25.25,79.45,0.34,0.101,217.67,116,4.37,67.49,11.7,132.69,0,0,30.24,72.82,9.45,30.54
14,Node_8,Solar,54.57,116.99,0.12,0.03,221.68,246.17,15.84,25.58,52.09,138.13,0,0,16.67,73.47,10.18,55.56
14,Node_8,Wind,82.63,69.84,0.29,0.119,221.47,373.1,15.59,30.1,22.04,102.59,1,0,22.24,61.46,12.7,78
14,Node_8,Grid,94.67,95.12,0.33,0.101,210.88,448.93,21.17,40.76,32.74,85.94,0,0,18.87,87.04,10.86,89.87
14,Node_9,Solar,57.33,34.74,0.06,0.11,226.14,253.52,11.57,19.45,44.69,66.82,1,0,24.21,47.18,9.73,64.05
14,Node_9,Wind,85.96,67.59,0.13,0.048,239.4,359.06,18.85,56.78,0.44,101.82,1,0,26.38,85.25,14.78,92.43
14,Node_9,Grid,63.24,71.24,0.48,0.104,211.95,298.37,12.21,19.22,28.19,95.55,0,0,22.14,39.86,11.53,65.7
14,Node_10,Solar,47.07,114.2,0.19,0.039,211.18,222.89,11.69,66.21,58.07,138.98,0,0,25.6,31.67,9.73,52.01
14,Node_10,Wind,56.77,86.57,0.32,0.114,218.39,259.95,12.09,7.05,24.82,125.02,0,0,34.81,46.67,11.49,53.45
14,Node_10,Grid,88.56,91.58,0.45,0.038,236.2,374.94,9.91,71.09,19.74,81.46,0,0,33.81,32.87,10.47,79.03
15,Node_1,Solar,88.53,65.64,0.08,0.069,221.57,399.56,25.06,60.95,30.31,148.84,1,0,16.16,45.74,11.05,84.67
15,Node_1,Wind,67.26,94.93,0.48,0.133,225.46,298.32,17.15,44.97,33.16,61.47,0,0,25.59,46.13,8.15,71.71
15,Node_1,Grid,77.83,32.92,0.34,0.085,239.06,325.57,15.32,5.09,33.1,134.11,1,0,23.61,49.22,14.35,80.09
15,Node_2,Solar,52.46,33.7,0.1,0.047,230.58,227.51,15.2,21.44,48.69,55.54,1,0,16.41,86.04,13.36,46.41
15,Node_2,Wind,72.64,104.15,0.36,0.146,231.42,313.89,20.7,41.37,7.02,102.82,0,0,26.85,58.95,12.36,75.87
15,Node_2,Grid,50.69,68.19,0.39,0.095,218.97,231.49,9.23,17.42,57.96,63.06,0,0,15.52,43.31,13.46,50.63
15,Node_3,Solar,36.09,37.21,0.12,0.011,212.54,169.8,9.44,61.72,54.91,135.45,0,0,16.05,76.97,13.92,36.29
15,Node_3,Wind,38.63,106.08,0.39,0.147,214.67,179.95,5.61,16.94,47.55,68.69,0,0,34.97,31.49,13.85,45.79
15,Node_3,Grid,49.23,105.75,0.32,0.136,237.79,207.03,5.01,6.03,15.02,116.93,0,0,24.2,66.42,9.32,49.03
15,Node_4,Solar,26.89,80.32,0.13,0.03,223.26,120.44,4.49,41.75,35.14,50.85,0,0,29.26,51.98,8.37,18.12
15,Node_4,Wind,80.39,115.97,0.2,0.055,215.51,373.02,17.31,12.39,21.37,119.7,0,0,22.73,55.21,11.93,82.69
15,Node_4,Grid,41.65,63.34,0.33,0.133,238.26,174.81,10.33,6.93,40.15,91.03,0,0,15.98,41.46,13.53,42.78
15,Node_5,Solar,56.32,57.15,0.11,0.13,232.47,242.27,8.7,9.4,15.12,142.08,0,0,25.67,65.78,10.56,56.85
15,Node_5,Wind,29.34,41.62,0.31,0.141,219.25,133.82,8.04,61.13,14.87,53.63,0,0,29.57,41.98,10.6,36.28
15,Node_5,Grid,60.14,95.29,0.15,0.067,224.55,267.82,12.52,65.47,10.3,130.78,0,0,26.12,71.97,10.88,62.13
15,Node_6,Solar,61.97,87.54,0.1,0.137,227.62,272.25,7.26,35.98,45.38,129.41,0,0,32.89,46.06,10.87,57.62
15,Node_6,Wind,91.89,110.66,0.37,0.13,212.66,432.1,25.09,25.65,10.7,73.94,0,0,20.02,49.23,8.94,94.95
15,Node_6,Grid,55.35,61.2,0.4,0.135,232.7,237.86,9.21,59.56,9.12,63.03,0,0,31.15,44.78,8.44,46.72
15,Node_7,Solar,30.54,107.29,0.15,0.045,226.66,134.74,6.28,52.43,13.99,136.44,0,0,28.88,30.97,10.61,33.59
15,Node_7,Wind,25.82,101.11,0.19,0.105,234.1,110.29,5.48,59.27,39.71,85.55,0,0,20.89,64.27,13.22,15.42
15,Node_7,Grid,50.32,57.25,0.28,0.125,237.9,211.52,10.52,52.92,54.2,59.85,0,0,29.18,79.42,14,46.21
15,Node_8,Solar,55.02,50.77,0.09,0.118,212.27,259.2,14.61,34.21,35.76,58.97,1,0,16.79,87.69,13.65,54.17
15,Node_8,Wind,56.77,50.12,0.47,0.058,214.83,264.26,12.07,75.5,0.23,73.81,1,0,18.42,36.79,11.99,56.41
15,Node_8,Grid,99.57,91.13,0.13,0.149,222.24,448.03,15.68,44.63,18.26,58.65,1,1,23.99,80.21,12.01,105.23
15,Node_9,Solar,99.94,55.82,0.09,0.032,214.92,465.01,15.69,63.43,54.35,147.51,1,0,32.63,49.7,8.79,101.62
15,Node_9,Wind,33.18,68.68,0.21,0.113,223.6,148.39,9.88,4.38,21.3,98.19,0,0,21.32,73.75,14.12,37.75
15,Node_9,Grid,95.1,102.46,0.44,0.087,234.78,405.06,15.28,31.88,19.01,96.74,0,0,34.23,48.77,8.69,91.65
15,Node_10,Solar,28.84,49.75,0.12,0.071,233.99,123.25,7.15,34.11,20.02,81.65,0,0,16.04,30.77,13.57,29.05
15,Node_10,Wind,58.17,41.78,0.19,0.141,235.79,246.7,14.07,38.58,31.22,147.52,1,0,19.31,78.67,9.38,61.47
15,Node_10,Grid,52.4,113.84,0.14,0.082,237.56,220.58,14.72,12.52,22,111.91,0,0,34.36,84.88,9.17,47.03
16,Node_1,Solar,29.69,37.69,0.19,0.037,222.49,133.44,5.63,47.92,4.3,72.68,0,0,33.17,76.88,8.14,35.15
16,Node_1,Wind,42.02,111.86,0.35,0.02,237.27,177.1,12.25,6.22,31.94,80.34,0,0,18.59,64.68,14.71,34.64
16,Node_1,Grid,60.25,37.46,0.35,0.058,235.68,255.64,11.26,15.43,11.47,126.88,1,0,30.34,42.35,10.25,63.67
16,Node_2,Solar,94.54,48.62,0.1,0.031,225.3,419.62,18.16,72.06,55.8,88.36,1,0,32.92,78.4,8.03,94.27
16,Node_2,Wind,45.6,67.96,0.19,0.038,211.13,215.98,10.43,21,3.14,73.1,0,0,32.03,58.98,10.91,42.11
16,Node_2,Grid,33.82,64.14,0.46,0.096,222.36,152.1,9.7,3.88,12.62,106.59,0,0,15.79,54.18,12.54,29.05
16,Node_3,Solar,75.85,87.43,0.1,0.023,222.81,340.42,9.54,75.81,28.51,81.73,0,0,24.96,48.6,13.68,77.8
16,Node_3,Wind,23.76,80.97,0.41,0.029,216.86,109.56,6.57,1.61,45.16,97.38,0,0,15.14,79.16,10.52,27.89
16,Node_3,Grid,63.26,90.96,0.38,0.144,225.94,279.99,11.38,76.3,38.53,79.82,0,0,31.85,51.73,12.62,56.2
16,Node_4,Solar,68.13,35.46,0.11,0.087,223.08,305.41,17.01,66.23,46.27,53.88,1,0,25.73,86.09,13.84,67.45
16,Node_4,Wind,87.4,57.29,0.27,0.076,214.72,407.04,9.28,75.75,14.44,73.99,1,0,33.57,64.78,12.67,86.14
16,Node_4,Grid,69.72,33.49,0.17,0.126,233,299.23,11.86,30.14,32.01,50.02,1,0,19.16,45.03,13.64,73.08
16,Node_5,Solar,42.37,47.24,0.13,0.131,217.24,195.04,4.9,28.51,44.86,105.07,0,0,34.19,77.56,12.23,39.48
16,Node_5,Wind,98.75,64.51,0.16,0.103,218.53,451.88,21.44,46.94,26.74,133.61,1,0,23.97,62.26,12.65,98.71
16,Node_5,Grid,82.72,65.53,0.36,0.031,237.98,347.59,14.61,58.36,1.22,70.52,1,0,32.57,61.64,14.51,73.52
16,Node_6,Solar,29.58,102.24,0.09,0.136,237.32,124.64,8.54,41.62,40.63,127.85,0,0,27.02,32.06,11.48,13.98
16,Node_6,Wind,32.39,46.46,0.25,0.071,228.7,141.63,3.72,40.3,10.96,107.4,0,0,26.13,74.3,10.35,30.48
16,Node_6,Grid,58.73,88.33,0.11,0.102,228.56,256.96,9.51,6.86,5.46,142.32,0,0,17.54,51.4,12.15,66.26
16,Node_7,Solar,86.85,33.93,0.09,0.135,210.27,413.04,12.18,76.72,36.8,76.17,1,0,15.56,44.68,14.17,94.95
16,Node_7,Wind,93.46,66.72,0.18,0.082,237.24,393.95,24.38,5.27,41.55,107.19,1,0,17.45,62.04,14.16,90.37
16,Node_7,Grid,52.8,73.38,0.13,0.049,219.74,240.28,15.26,22.61,27.65,117.13,0,0,24.73,74.31,14.07,60.24
16,Node_8,Solar,30.1,115.12,0.07,0.118,217.94,138.11,8.63,57.6,45.23,71.91,0,0,27.36,76.2,8.73,35.66
16,Node_8,Wind,96.99,110.12,0.21,0.125,225.55,430.02,18.66,25.15,34.86,122.99,0,0,27.58,71.96,12.98,88.58
16,Node_8,Grid,39.34,73.47,0.45,0.063,232.49,169.21,4.7,38.08,59.5,127.04,0,0,25.03,44.02,10.87,37.86
16,Node_9,Solar,82.41,99.41,0.08,0.139,227.78,361.8,14.5,40.15,36.3,105.99,0,0,25.1,40.58,13.69,76.99
16,Node_9,Wind,81.29,113.92,0.48,0.062,214.07,379.74,16.56,9.01,56.04,68.36,0,0,23.13,52.99,13.56,81.9
16,Node_9,Grid,56.51,45.37,0.21,0.081,214.42,263.55,12.56,45.26,42.88,143.77,1,0,33.92,44.68,8.92,59.66
16,Node_10,Solar,97.76,107.34,0.07,0.143,222.7,438.98,9.96,35.39,2.76,104.39,0,0,24.47,66.79,14.08,96.19
16,Node_10,Wind,72.95,69.06,0.43,0.137,213.59,341.54,15.06,22.76,2.82,116.85,1,0,18.26,78.74,13.97,71.86
16,Node_10,Grid,92.32,58.86,0.32,0.017,211.32,436.87,22.53,35.56,15.38,69.04,1,0,15.01,78.35,8.55,94.24
17,Node_1,Solar,35.32,64.76,0.12,0.06,219.62,160.82,10.34,51.33,1.41,93.02,0,0,21.03,35.67,13.31,41.79
17,Node_1,Wind,24.29,42.64,0.35,0.039,225.12,107.9,5.08,22.68,56.91,134.25,0,0,16.56,36.37,11.45,34.04
17,Node_1,Grid,32.86,118.04,0.16,0.078,220.92,148.74,7.49,10.32,25.82,77.47,0,0,15.81,84.82,13.83,37.69
17,Node_2,Solar,22.5,117.02,0.13,0.052,220.88,101.87,2.55,79.15,2.36,115.49,0,0,33.98,44.76,11.72,19.12
17,Node_2,Wind,58.59,93.26,0.13,0.037,216.44,270.7,14.51,15.13,34.41,71.52,0,0,33.84,61.11,10.47,62.84
17,Node_2,Grid,62.69,114.96,0.26,0.107,224.68,279.02,12.7,21.42,27.3,97.08,0,0,33.81,49.76,8.3,56.32
17,Node_3,Solar,59.7,79,0.08,0.116,239.55,249.22,17.26,15.77,52.52,120.45,0,0,25.81,80.98,11.36,59.08
17,Node_3,Wind,66.33,47.02,0.46,0.104,229,289.65,7.95,48.33,7.26,57.87,1,0,23.06,65.33,8.62,54.64
17,Node_3,Grid,54.48,45.73,0.49,0.089,230.62,236.23,8.99,7.58,58.55,78.63,1,0,28,31.48,13.67,45.66
17,Node_4,Solar,24.93,44.62,0.18,0.106,217.5,114.62,2.82,55.25,34.34,90.45,0,0,19.34,70.18,14.79,26.39
17,Node_4,Wind,34.06,83.74,0.27,0.073,217.62,156.51,9.03,38.82,32.6,80.48,0,0,16.72,72.85,9.37,29.53
17,Node_4,Grid,53.26,72.23,0.25,0.024,219.29,242.87,12.4,53.26,17.17,96.01,0,0,19.21,31.38,14.28,61.12
17,Node_5,Solar,36.86,50.48,0.09,0.028,229.18,160.83,4.24,10.74,38.69,83.97,0,0,26.15,45.36,12.56,37.34
17,Node_5,Wind,54.97,54.11,0.34,0.132,239.97,229.07,12.18,32.38,13.51,75.71,1,0,22.35,84.83,10.58,49.89
17,Node_5,Grid,49.88,64.52,0.43,0.101,228.43,218.36,8.32,65.43,2.3,137.08,0,0,22.97,59.83,12.67,39.93
17,Node_6,Solar,31.06,69.55,0.12,0.067,230.36,134.83,5.72,76.91,35.96,130.75,0,0,22.95,50.21,11.99,27.69
17,Node_6,Wind,88.89,37.05,0.13,0.129,216.39,410.79,20.78,43.43,49.97,62.51,1,0,26.14,86.78,10.9,93.87
17,Node_6,Grid,94.44,105.32,0.5,0.013,213.39,442.57,20.96,65.65,17.11,73.92,0,0,16.13,52.16,11.54,86.36
17,Node_7,Solar,64.83,95.58,0.1,0.096,227.56,284.89,13.58,51.24,15.57,58.46,0,0,19.49,60.01,13.88,69.69
17,Node_7,Wind,48.08,66.42,0.26,0.037,211.84,226.96,10.49,79.14,10.01,54.67,0,0,20.05,79.78,12.93,51.46
17,Node_7,Grid,95.65,66.8,0.36,0.075,228.92,417.83,18.17,15.09,30.47,102.86,1,0,29.71,69.83,8.79,95.66
17,Node_8,Solar,91.53,112.79,0.06,0.125,211.13,433.52,15.87,43.38,8.89,124.63,0,1,18.37,64.85,13,100.58
17,Node_8,Wind,93.33,93.49,0.37,0.065,210.04,444.34,11.58,42.76,40.51,91.74,0,0,25.44,34.45,9.34,95.82
17,Node_8,Grid,91.58,40.58,0.5,0.039,210.35,435.37,27.43,22.49,40.08,67.67,1,0,33.08,49.21,12.69,95.35
17,Node_9,Solar,35.03,86.23,0.1,0.04,219.4,159.66,4.76,72.15,23.83,74.53,0,0,21.41,74.67,14.8,40.53
17,Node_9,Wind,65.27,44.15,0.38,0.082,229.52,284.38,18.14,35.23,54.07,125.07,1,0,27.06,49.53,14.89,64.33
17,Node_9,Grid,73.39,33.95,0.23,0.097,211.69,346.69,7.69,36,19.96,93.83,1,0,18.29,71.35,11.6,70.31
17,Node_10,Solar,67.34,36.5,0.07,0.02,234.37,287.32,16.87,60.27,42.98,116.94,1,0,27.85,32.3,12.35,62.22
17,Node_10,Wind,82.23,75.03,0.24,0.049,229.28,358.64,19.62,69.68,20.54,126.98,1,0,32.66,61.67,11.62,89.92
17,Node_10,Grid,97.18,36.62,0.12,0.141,225.9,430.19,21.67,38.59,5.62,126.81,1,0,21.23,48.37,13.86,99.58
18,Node_1,Solar,25.79,109.3,0.09,0.093,238.08,108.32,6.08,33.15,41.37,84.4,0,0,34.93,75.05,12.51,23.57
18,Node_1,Wind,22.48,79.88,0.4,0.085,235.22,95.57,2.4,29.34,14.22,94.73,0,0,34.08,43.4,14.46,21.77
18,Node_1,Grid,54.07,118.7,0.32,0.14,210.16,257.28,13.5,72.24,8.38,59.61,0,0,33.67,62.54,11.69,57.6
18,Node_2,Solar,36.69,89.87,0.06,0.095,214.92,170.71,9.07,24.1,27.8,109.94,0,0,29.83,48.16,12.64,37.83
18,Node_2,Wind,32.66,91.93,0.15,0.07,217.42,150.22,8.15,20.96,52.9,139.18,0,0,27.28,35.26,10.74,37.41
18,Node_2,Grid,69.98,55.43,0.25,0.024,231.57,302.2,14.05,56.7,14.94,82.44,1,0,15.51,50.46,13.62,76.34
18,Node_3,Solar,91.78,76.64,0.12,0.014,236.38,388.27,9.42,75.58,29.35,84.19,1,0,15.49,64.89,11.84,89.96
18,Node_3,Wind,72.18,95.44,0.1,0.141,214.94,335.81,10.59,21.08,2.27,62.31,0,0,21.3,36.92,8.75,65.02
18,Node_3,Grid,77.56,106.91,0.2,0.013,216.69,357.93,8.63,8.27,25.89,72.99,0,0,20.07,86.43,14.34,67.86
18,Node_4,Solar,50.49,67.07,0.16,0.073,235.7,214.21,14.58,26.88,33.64,59.51,0,0,23.27,42.37,14.14,54.94
18,Node_4,Wind,32.66,71.01,0.34,0.107,221.49,147.46,8.94,45.47,26.37,56.72,0,0,31.41,66.87,13.83,27.46
18,Node_4,Grid,21.09,57.29,0.38,0.121,218.87,96.36,4.2,33.69,24.63,73.13,0,0,18.93,33.32,9.39,21.01
18,Node_5,Solar,20.74,86.45,0.1,0.146,215.81,96.1,3.51,28.63,0.51,133.92,0,0,33.8,83.52,11.75,31.01
18,Node_5,Wind,50.96,88.25,0.12,0.018,223.72,227.78,10.7,71.03,6.28,132.26,0,0,22.88,49,10.8,53.87
18,Node_5,Grid,32.04,75.32,0.42,0.072,224.72,142.58,8.64,56.48,29.43,75.77,0,0,26.54,43.27,9.88,29.76
18,Node_6,Solar,59.38,109.26,0.11,0.085,211.48,280.78,5.97,19.58,40.83,62.13,0,0,23.22,68.87,12.98,65.8
18,Node_6,Wind,34.28,37.16,0.48,0.046,235.6,145.5,9.35,61.8,10.13,132.18,0,0,26.93,50.23,9.84,34.42
18,Node_6,Grid,66.82,62.34,0.29,0.061,229.23,291.5,18.73,13.11,22.88,64.09,1,0,29.58,85.91,9.95,61.54
18,Node_7,Solar,96.02,35.69,0.14,0.018,236.81,405.47,19.78,53.55,49.89,65.03,1,0,32.58,48.9,8.9,107.98
18,Node_7,Wind,22.48,54.74,0.11,0.069,236.85,94.91,6.67,50.96,9.7,140.58,0,0,18.07,85.3,13.3,18.64
18,Node_7,Grid,78.54,93.83,0.18,0.04,230.65,340.52,11.31,35.09,46.92,128.4,0,0,30.84,80.32,12.58,74.77
18,Node_8,Solar,45.19,40.51,0.09,0.039,223.66,202.05,12.73,8.36,43.22,118.73,1,0,33.45,64.11,10.55,40.66
18,Node_8,Wind,80.52,53.16,0.38,0.016,235.18,342.38,15.27,50.94,13.27,117.71,1,0,24.46,67.06,11.19,80.49
18,Node_8,Grid,87.34,102.12,0.26,0.042,222.18,393.1,23.17,18.21,31.47,130.61,0,0,27.84,44.74,8.76,92.22
18,Node_9,Solar,83.55,38.91,0.09,0.13,220.39,379.1,24.61,78.38,16.1,54.1,1,0,24.02,36.05,12.95,88.42
18,Node_9,Wind,51.81,60.27,0.19,0.077,226.55,228.69,11.73,20.57,56.92,66.98,0,0,15.3,58.87,10.33,54.93
18,Node_9,Grid,55.93,81.36,0.27,0.068,231.98,241.1,13.27,66.66,15,110.95,0,0,22.39,59.16,10.2,54.09
18,Node_10,Solar,28.44,91.48,0.15,0.143,231.89,122.64,3.14,70.74,51.76,94.33,0,0,34.52,61.94,14.34,26.14
18,Node_10,Wind,26.64,47.19,0.28,0.092,234.49,113.61,7.93,31.11,2.84,130.12,0,0,18.97,59.69,13.2,26.63
18,Node_10,Grid,44.42,117.64,0.37,0.067,218.41,203.38,10.94,19.37,10.3,102.98,0,0,27.58,37.08,12.58,52.26
19,Node_1,Solar,42.66,30.02,0.07,0.141,236.02,180.75,6.26,62.27,36.51,147.09,1,0,28.63,33.81,10.77,42.88
19,Node_1,Wind,43.03,40.82,0.38,0.1,221.22,194.51,12.49,1.78,18.22,142.11,1,0,20.05,62.05,13.77,45.7
19,Node_1,Grid,28.25,114.87,0.42,0.035,231.36,122.1,5,32.18,47,146.28,0,0,23.41,58.86,10.63,25.8
19,Node_2,Solar,74.84,69.26,0.08,0.124,234.08,319.72,14.76,23.88,38.29,78.82,1,0,29.61,32.42,8.66,74.09
19,Node_2,Wind,20.54,43.76,0.13,0.149,218.66,93.94,2.67,19.28,56.17,102.02,0,0,32.47,53.7,10.35,17.94
19,Node_2,Grid,45.33,90.96,0.22,0.091,211.98,213.84,6.27,32.59,56.22,87.73,0,0,20.1,37.62,8.41,39.1
19,Node_3,Solar,44.43,44.19,0.08,0.117,210.48,211.09,9.4,30.36,30.39,106.28,1,0,20.9,74,14.1,43.01
19,Node_3,Wind,64.11,62.36,0.15,0.093,225.75,283.99,9.01,36.15,47.82,109.04,1,0,25.96,72.16,13.55,67.88
19,Node_3,Grid,70.33,43.74,0.38,0.105,210.73,333.74,12.82,26.64,40.16,71.61,1,0,33.26,77.87,14.45,63.99
19,Node_4,Solar,88.79,52.66,0.2,0.096,233.81,379.75,10.4,14.68,45.5,52.2,1,0,15.28,69.43,10.56,97.72
19,Node_4,Wind,68.92,92.64,0.24,0.025,212.09,324.96,15.01,41.65,44.53,100.97,0,0,22.96,31.59,10.35,73.4
19,Node_4,Grid,87.78,69.71,0.11,0.02,225.31,389.6,25.8,55.46,4.25,68.94,1,0,31.83,67.06,12.51,79.08
19,Node_5,Solar,22.27,104.57,0.17,0.046,231.26,96.3,3.18,3.23,12.07,67.86,0,0,23.37,60.51,11.34,14.5
19,Node_5,Wind,43.89,108.02,0.4,0.13,224.85,195.2,5.54,55.7,12.36,94.12,0,0,31.51,37.56,14.32,51.72
19,Node_5,Grid,89.14,71.81,0.4,0.097,234.09,380.79,16.61,62.86,27.75,144.1,1,0,24.25,77.1,13.75,82.67
19,Node_6,Solar,57.42,117.13,0.16,0.124,210.98,272.16,11.11,51.73,49.8,54.93,0,0,25.97,41.84,10.22,58.52
19,Node_6,Wind,42.55,77.78,0.12,0.032,234.38,181.54,5.38,18.67,27.2,101.71,0,0,23.95,77.39,12.33,32.38
19,Node_6,Grid,79.48,82.27,0.26,0.034,216.81,366.59,17.1,33.88,30.9,67.07,0,0,32.05,45.48,11.44,73.27
19,Node_7,Solar,98.04,59.99,0.14,0.023,228.18,429.66,11.56,76.74,42.94,128.82,1,0,26.79,56.99,14.01,98.03
19,Node_7,Wind,94.52,82.5,0.32,0.074,216.28,437.03,9.52,19.32,30.58,88,1,0,34.61,51.02,11.17,97.52
19,Node_7,Grid,30.68,34.32,0.41,0.09,232.82,131.78,3.99,45.75,15.22,72.81,0,0,17.61,48.56,8.82,29.3
19,Node_8,Solar,67.02,35.76,0.18,0.145,217.4,308.28,12.74,1.77,38.44,91.39,1,0,19.14,69.24,10.91,65.32
19,Node_8,Wind,34.37,92.02,0.33,0.13,213.52,160.97,8.84,53.88,6.9,119.48,0,0,33.9,38.5,12.5,36.7
19,Node_8,Grid,46.4,116.6,0.46,0.048,234.11,198.2,13.88,20.21,26.21,102.02,0,0,15.31,43.21,9.97,45.8
19,Node_9,Solar,55.49,45.4,0.18,0.109,212.56,261.06,12.76,52.29,57.37,50.3,1,0,33.56,85.93,13.04,54.15
19,Node_9,Wind,61.11,50.84,0.17,0.123,214.05,285.49,11.84,75.09,11.15,147.8,1,0,26.11,40.21,10.21,61.98
19,Node_9,Grid,53.96,57.84,0.21,0.146,214.6,251.44,13.31,0.03,35.77,141.59,0,0,18.71,69.1,12.99,48.37
19,Node_10,Solar,40.18,116.03,0.19,0.074,235.39,170.7,7.65,33.95,9.41,92.64,0,0,15.45,56.65,13.47,46
19,Node_10,Wind,74.4,87.16,0.46,0.013,226.71,328.17,19.16,43.31,19.43,63.63,0,0,24.42,82.69,12.1,79.57
19,Node_10,Grid,72.73,65.82,0.31,0.122,221.21,328.78,12.92,7.66,54.88,59.1,1,0,23.26,54.34,12.76,75.69
20,Node_1,Solar,25.37,83.43,0.17,0.126,215.12,117.93,7.09,52.49,52.91,98.53,0,0,33.38,83.99,11.14,21.8
20,Node_1,Wind,51.02,55.82,0.21,0.131,212.1,240.55,12.02,13.83,20.67,56.15,0,0,30.37,83.1,9.55,43.49
20,Node_1,Grid,57.08,72.33,0.45,0.117,225.39,253.25,13.37,67.79,0.57,90.29,0,0,29.81,62.57,11.71,58.53
20,Node_2,Solar,72.43,67.65,0.16,0.131,214.64,337.45,13.78,32.64,41.25,74.99,1,0,32.55,55.09,14.38,61.66
20,Node_2,Wind,99.45,39.55,0.19,0.143,238.75,416.54,11.89,1.2,9.67,149.6,1,0,25.05,80.91,8.14,91.83
20,Node_2,Grid,88.99,55.51,0.37,0.104,216.64,410.77,9.52,32.74,17.35,130.9,1,0,24.14,66.39,12.23,92.56
20,Node_3,Solar,86.17,68.25,0.09,0.047,226.09,381.13,16.36,35.21,5.47,121.86,1,0,18.94,54.77,9.59,77.07
20,Node_3,Wind,55.91,78.35,0.18,0.032,236.41,236.5,10.44,32.97,2.14,99.8,0,0,26.18,72.42,9.24,61.85
20,Node_3,Grid,40.18,102.97,0.48,0.029,224.93,178.63,5.74,4.81,19.53,64.37,0,0,25.67,38.63,8.06,37.76
20,Node_4,Solar,68.5,60.32,0.14,0.054,212.61,322.19,9.9,15.04,25.68,115.83,1,0,15.24,61.14,12.24,70.81
20,Node_4,Wind,97.03,83.05,0.29,0.09,237.84,407.96,25.78,25.84,14.24,76.26,1,0,29.88,60.19,8.47,101.28
20,Node_4,Grid,43.16,89.77,0.27,0.134,235.36,183.38,8.85,55.32,53,99.57,0,0,30.07,43.2,10.72,46.27
20,Node_5,Solar,89.26,95.2,0.11,0.04,220.68,404.48,14,14.09,44.6,75.21,0,0,22.72,88.92,10.74,97.72
20,Node_5,Wind,53.5,68.87,0.12,0.082,225.14,237.63,6.95,8.31,7.41,60.1,0,0,18.93,45.09,9.22,61.23
20,Node_5,Grid,96.63,106.92,0.19,0.056,216.3,446.74,19.17,1.57,40.28,102.32,0,0,18.29,78.25,13.54,95.3
20,Node_6,Solar,33.61,52.92,0.09,0.088,222.34,151.16,9.73,10.11,58.42,73.06,0,0,21.78,38.58,14.01,28.71
20,Node_6,Wind,44.71,89.3,0.33,0.076,224.87,198.83,11.02,7.02,40.09,139.58,0,0,17.81,73,11.06,39.54
20,Node_6,Grid,60.54,41.39,0.29,0.117,217.75,278.03,11.88,79.36,41.2,134.14,1,0,30.36,32.43,8.86,59.17
20,Node_7,Solar,36.25,66.18,0.18,0.058,229.64,157.86,8.77,46.89,21.43,107.71,0,0,16.68,89.57,8.89,41.3
20,Node_7,Wind,46.32,65.23,0.2,0.058,222.32,208.35,11.31,40.92,56.61,54.19,0,0,26.68,85.21,8.34,39.66
20,Node_7,Grid,65.88,106.83,0.2,0.133,210.57,312.87,16.24,74.65,39.43,93.9,0,0,33.4,58.22,8.2,64.94
20,Node_8,Solar,29.95,49.28,0.06,0.09,228.66,130.98,6.02,65.37,51.66,111.56,0,0,28.9,55.08,11.96,39.72
20,Node_8,Wind,71.93,61.52,0.47,0.029,230.15,312.54,7.26,73.97,6.75,59.49,1,0,22.47,42.86,12.1,69.43
20,Node_8,Grid,45.57,102.94,0.38,0.111,230.94,197.32,7.39,7.97,16.35,133.18,0,0,24.88,30.58,8.98,45.26
20,Node_9,Solar,45.77,82.07,0.06,0.142,220.95,207.15,12.93,62.44,45.33,110.67,0,0,27.76,67.72,11.88,47.96
20,Node_9,Wind,37.25,37.54,0.29,0.082,234.88,158.59,7.03,45.67,31.62,53.82,0,0,31.56,39.45,12.16,38.88
20,Node_9,Grid,67.49,44.78,0.15,0.147,221.81,304.27,9.82,13.71,40.06,110.94,1,0,16.76,83.61,10.72,65.55
20,Node_10,Solar,51.21,107.72,0.19,0.052,235.92,217.07,13.13,74.46,14.75,107.7,0,0,31.48,30.32,11.95,41.58
20,Node_10,Wind,47.14,59.04,0.36,0.129,228.28,206.5,12.76,21.17,31.17,95.05,0,0,26.14,69.69,12.14,49.57
20,Node_10,Grid,25.34,40.48,0.34,0.048,212.39,119.31,4.71,44.35,19.72,122.04,0,0,21.66,75.29,12.54,33.38
21,Node_1,Solar,71,79.81,0.05,0.108,221.28,320.86,20.49,65.44,35.26,75.22,0,0,21.81,58.59,10.07,64.68
21,Node_1,Wind,98.22,39.71,0.47,0.138,225.76,435.06,24.06,34.88,37.8,84.06,1,0,26.56,59.89,12.06,98.5
21,Node_1,Grid,42.93,63.03,0.13,0.017,217.6,197.29,4.93,8.3,48.78,53.89,0,0,20.45,82.29,11.39,43.81
21,Node_2,Solar,50.56,80.79,0.07,0.15,222.77,226.96,8.58,56.82,21.83,133.33,0,0,29.39,36.45,13.92,40.9
21,Node_2,Wind,78.86,49.05,0.16,0.054,239.28,329.57,11.94,36.49,1.8,89.72,1,0,34.06,61,13.73,76.05
21,Node_2,Grid,45.2,81.8,0.48,0.13,216.85,208.44,6.51,16.09,55.35,135.27,0,0,22.85,60.26,11.25,45.49
21,Node_3,Solar,40.27,75.45,0.05,0.028,236.6,170.2,10.08,33.83,31.03,87,0,0,30.68,75.8,13.06,37.25
21,Node_3,Wind,57.59,59.77,0.4,0.056,214.15,268.92,10.36,78.39,13.55,111.22,0,0,16.42,59.27,12.92,52.08
21,Node_3,Grid,61.06,108.49,0.22,0.022,238.1,256.45,10.72,46.11,47.52,82.43,0,0,17.71,47.48,9.01,58.22
21,Node_4,Solar,77.39,114.9,0.13,0.086,223.83,345.75,12.78,38.05,36.17,148.6,0,0,32.24,83.35,11.27,80.57
21,Node_4,Wind,72.6,110.56,0.26,0.145,222.47,326.34,15.99,56.78,57.04,74.46,0,0,25.42,46.11,13.44,82.5
21,Node_4,Grid,45.83,73.31,0.35,0.067,215.95,212.23,13.4,40.92,44.04,91.1,0,0,23.14,54.55,11.81,49.04
21,Node_5,Solar,63.48,74.74,0.07,0.079,215.07,295.16,7.95,74.61,36.3,115.95,0,0,33.18,68.28,13.38,65.5
21,Node_5,Wind,85.64,106.86,0.17,0.048,218.57,391.82,13.2,68.43,1.91,57.61,0,0,19,43.91,13.59,85.06
21,Node_5,Grid,65.05,30.52,0.27,0.067,213.42,304.8,15.3,56.17,43.25,122.85,1,1,34.08,78.85,14.33,67.23
21,Node_6,Solar,27.46,96.49,0.19,0.105,227.12,120.91,7.94,35.43,35.96,97.63,0,0,16.52,60.07,12.81,29.47
21,Node_6,Wind,83.35,82.47,0.46,0.142,211.93,393.29,15.04,1.88,19.76,103.69,1,0,31.93,37.65,8.65,87.71
21,Node_6,Grid,41.31,110.95,0.47,0.066,236.71,174.52,7.3,58.95,28.56,62.26,0,0,24.08,74.07,10.57,53.44
21,Node_7,Solar,21.51,39.05,0.12,0.107,220.04,97.75,5.14,55.89,42.24,99.25,0,0,24.78,57.02,9.4,20.73
21,Node_7,Wind,70.68,52.37,0.22,0.118,219.82,321.54,10.49,13.52,46.49,62.97,1,0,25.14,71.24,12.43,70.35
21,Node_7,Grid,84.86,34.03,0.22,0.049,214.38,395.84,13.39,24.78,31.31,116.37,1,0,29.39,50.17,10.03,82.75
21,Node_8,Solar,26.38,67.62,0.19,0.111,212.64,124.06,7.1,58.58,36.66,132.03,0,0,19.43,60.72,11.84,26.56
21,Node_8,Wind,63.07,80.86,0.48,0.136,236.27,266.94,16.42,75.47,5.91,76.51,0,0,31.93,60.31,13.24,61.01
21,Node_8,Grid,78.54,44.83,0.24,0.047,220.5,356.19,18.98,29.43,33.32,59.99,1,0,22.4,68.91,13.08,75.53
21,Node_9,Solar,36.77,109.62,0.14,0.07,215.47,170.65,10.61,60.41,12.48,83.77,0,0,28.91,75.95,11.09,32.84
21,Node_9,Wind,36.9,86.94,0.49,0.053,223.83,164.86,8.66,43.32,50.61,126.17,0,0,34.97,75.14,14.05,44.39
21,Node_9,Grid,72.1,107.07,0.14,0.059,236.29,305.13,10.12,6.26,47.29,133.55,0,0,32.09,71.21,11.64,70.62
21,Node_10,Solar,35.52,55.64,0.13,0.084,234.17,151.68,9.17,46.51,46.85,69.18,0,0,32.47,34.53,9.73,41.55
21,Node_10,Wind,75.63,66.85,0.45,0.052,210.36,359.53,12.11,46.25,22.56,103.49,1,0,33.25,45.96,11.23,78.8
21,Node_10,Grid,99.89,51.19,0.39,0.063,210.24,475.12,10.17,36.85,29.3,52.26,1,0,20.88,63.59,10.11,100.24
22,Node_1,Solar,33.37,66.65,0.08,0.085,215.96,154.52,6.73,12.59,40.26,125.39,0,0,24.36,34.25,12.19,34.38
22,Node_1,Wind,61.4,113.19,0.32,0.092,222.05,276.51,17.79,62.17,17.12,134.42,0,0,31.57,79.37,9.32,52.82
22,Node_1,Grid,76.09,56.16,0.22,0.051,231.77,328.3,11.11,0.07,42.91,67.12,1,0,19.75,52.79,11.33,71.26
22,Node_2,Solar,45.5,70.37,0.14,0.03,215.67,210.97,12.37,20.5,22.81,137.13,0,0,21.83,71.02,8.14,51.41
22,Node_2,Wind,78.85,73.83,0.43,0.144,237.77,331.62,22.22,40.97,21.61,96.5,1,0,32.68,42.42,14.43,77.05
22,Node_2,Grid,28.48,40.1,0.22,0.096,234.13,121.64,7.97,49.9,0.34,68.63,0,0,22.27,60.08,8.3,31.59
22,Node_3,Solar,47.88,46.13,0.15,0.075,224.86,212.93,8.88,76.48,12.88,101.67,1,0,26.14,85.74,10.65,43.53
22,Node_3,Wind,68.72,55.94,0.16,0.086,225.97,304.11,7.91,55.86,37.43,68.9,1,0,29.41,61.77,10.77,68.34
22,Node_3,Grid,45.79,84.94,0.48,0.104,212.24,215.75,8.8,71.27,5.67,148.89,0,0,16.57,86,10.54,44.44
22,Node_4,Solar,55.27,87.08,0.17,0.015,227.79,242.64,7.59,27.68,20.88,96.91,0,0,17.15,38.74,8.23,60.98
22,Node_4,Wind,57.62,115.9,0.15,0.142,232,248.36,13.11,51.62,49.6,60.69,0,0,28.94,65.21,13.83,58.66
22,Node_4,Grid,62.72,64.12,0.24,0.097,236.73,264.94,12.5,65.98,24.13,60.24,0,0,16.03,52.81,10.36,60.38
22,Node_5,Solar,77.43,96.85,0.06,0.041,218.23,354.81,16.22,11.56,8.04,144.38,0,0,18.61,54.39,10.49,77.69
22,Node_5,Wind,30.23,96.51,0.26,0.047,221.26,136.63,6.03,27.45,14.51,89.85,0,0,30.45,40.26,8.31,37.58
22,Node_5,Grid,72.3,99.65,0.43,0.079,216.16,334.47,17.89,55.98,14.78,140.34,0,0,34.65,81.61,12.82,72.88
22,Node_6,Solar,35.24,69.79,0.06,0.065,232.25,151.73,6.25,26.42,35.72,137.22,0,0,22.71,39.49,12.87,36.38
22,Node_6,Wind,28.46,89.83,0.21,0.038,238.09,119.53,2.95,35.02,1.3,98.36,0,0,21.43,37.93,10.63,33.95
22,Node_6,Grid,62.46,83.09,0.18,0.05,214.86,290.7,9.36,17.99,31.17,106.27,0,0,18.91,68.5,13.72,65.81
22,Node_7,Solar,64.82,52.95,0.09,0.015,219.16,295.77,16.14,3.8,13.16,120.62,1,0,24.11,71.88,10.72,63.14
22,Node_7,Wind,66.4,115.32,0.13,0.081,219.87,302,13.39,1.92,18.78,131.99,0,0,24.01,47.13,10.09,60.79
22,Node_7,Grid,50.65,105.2,0.49,0.071,221.8,228.36,13.64,34.15,33.12,73.09,0,0,25.64,78.54,13.47,54.15
22,Node_8,Solar,84,61.15,0.08,0.01,223.53,375.79,14.32,44.39,11.28,135.97,1,0,19.53,58.84,11.49,79.38
22,Node_8,Wind,37.21,54.47,0.17,0.111,233.1,159.63,7.16,57.13,44.16,63.83,0,0,31.42,42.27,9.3,36.2
22,Node_8,Grid,82.63,97.16,0.34,0.106,210.55,392.45,13.42,51.03,0.56,53.3,0,0,28.68,45.92,12.82,90.89
22,Node_9,Solar,83.4,57.61,0.06,0.141,220.36,378.47,10.12,39.35,46.11,72.16,1,0,19.85,89.5,9.38,87.17
22,Node_9,Wind,31.75,117.38,0.48,0.134,216.44,146.69,7.2,60.87,59.16,68.04,0,0,21.78,40.54,10.95,32.42
22,Node_9,Grid,83.51,71.84,0.32,0.149,221.97,376.22,18.63,29.22,23.57,119.56,1,0,25.85,76.1,8.62,83.56
22,Node_10,Solar,21.6,52.76,0.13,0.012,217.94,99.11,4.38,45.85,55.55,114.53,0,0,33.61,77.09,9.4,14.19
22,Node_10,Wind,30.47,90.82,0.32,0.121,232.16,131.25,6.86,78.91,32.02,61.31,0,0,20.04,76.64,14.7,34.45
22,Node_10,Grid,56.83,62.8,0.24,0.099,232.54,244.39,13.4,15.87,29.64,129.16,0,0,25.73,76.27,12.63,65
23,Node_1,Solar,52.75,110.59,0.07,0.149,213.57,246.99,5.43,71.2,14.7,122.97,0,0,32.18,89.5,10.06,49.57
23,Node_1,Wind,52.54,106.32,0.25,0.093,225.11,233.4,12.04,77.83,3.34,107.4,0,0,24.63,34.71,11.92,54.28
23,Node_1,Grid,46.57,43.94,0.44,0.083,238,195.67,12.16,55.44,0.3,92.78,1,0,33.22,40.48,10,37.96
23,Node_2,Solar,36.79,83.92,0.06,0.018,221.17,166.34,8.98,44.38,25.37,106.58,0,0,33.72,33.29,12.71,37.4
23,Node_2,Wind,91.3,102.35,0.17,0.051,231.51,394.37,10.67,64.95,43.13,122.96,0,0,29.36,70.79,13.82,86.22
23,Node_2,Grid,64.67,112.56,0.26,0.128,210.01,307.94,8.65,2.43,19.69,140.82,0,0,27.13,57.09,14.57,62.83
23,Node_3,Solar,29.8,49.08,0.05,0.071,218.33,136.49,8.16,48.4,36.85,103.19,0,0,23.9,89.97,13.85,28.7
23,Node_3,Wind,20.25,57.32,0.14,0.076,230.31,87.92,5.57,59.94,56.32,55.39,0,0,28.23,47.36,9.77,18.65
23,Node_3,Grid,46.47,54.28,0.3,0.072,225.37,206.19,10.9,30.97,15.08,66.62,0,0,29.84,75.4,12.67,48.86
23,Node_4,Solar,65.66,73.58,0.13,0.079,226.96,289.3,15.96,8.77,44.98,63.59,0,0,34.52,87.42,8.42,58.44
23,Node_4,Wind,55.46,46.76,0.29,0.126,238.52,232.52,12.58,28.31,36.2,81.2,1,0,32.41,63.49,10.27,54.42
23,Node_4,Grid,46.01,72.4,0.43,0.027,235.73,195.18,12.86,75.74,23.85,71.71,0,0,21.66,40.57,12.25,52.62
23,Node_5,Solar,58.13,107.91,0.05,0.1,232.89,249.6,14.64,70.89,43.74,142.78,0,0,25.06,30.84,8.05,56.28
23,Node_5,Wind,40.82,45.93,0.11,0.137,210.25,194.15,10.09,12.17,54.73,139.28,0,0,28.44,30.32,14.89,39.62
23,Node_5,Grid,90.23,110.56,0.36,0.058,236.81,381.02,14.28,45.02,5.98,142.2,0,0,19.5,63.49,13.35,83.56
23,Node_6,Solar,20.08,98.14,0.2,0.123,223.81,89.72,5.64,32.79,31.5,97.71,0,0,30.5,61.61,10.22,23.05
23,Node_6,Wind,40.65,33.4,0.33,0.042,214.44,189.56,9.38,54.5,45.13,100.36,1,0,33.73,78.44,12.45,36.35
23,Node_6,Grid,55.37,35.12,0.49,0.092,226.71,244.23,12.8,39.76,1.92,111.23,1,0,23.33,75.44,9.59,52.1
23,Node_7,Solar,37.7,44.53,0.11,0.129,234.84,160.53,6.66,47.13,43.25,74.12,0,0,34.44,67.05,14.87,44.02
23,Node_7,Wind,37.81,53.51,0.3,0.055,215.03,175.84,5.77,2.86,42.27,99.21,0,0,18.43,36.15,12.29,32.76
23,Node_7,Grid,27.54,97.89,0.11,0.045,236.72,116.34,6.71,5.84,49.27,99.3,0,0,27.01,70.91,14.95,30.59
23,Node_8,Solar,56.83,33.55,0.05,0.027,229.47,247.66,12.13,44.27,1.91,96.93,1,0,22.95,67.5,13.46,50.24
23,Node_8,Wind,82.71,76.74,0.44,0.065,236.66,349.49,12.24,22.42,3.19,129.56,1,0,19.58,43.91,14.31,83.7
23,Node_8,Grid,69.29,72.69,0.26,0.138,213.77,324.13,12.73,27.56,29.89,95.76,0,0,17.8,60.79,9.7,75.46
23,Node_9,Solar,34.75,35.84,0.16,0.07,228.8,151.88,8.53,54.35,28.23,88.79,0,0,27.8,59.69,13.94,34.44
23,Node_9,Wind,30.9,86.74,0.22,0.013,236.66,130.57,4.49,74.34,43.05,126.27,0,0,19.68,61.28,9.2,31.25
23,Node_9,Grid,44.43,58.93,0.16,0.039,233.66,190.15,5.93,2.28,37.76,147.6,0,0,17.37,64.22,14.34,47.17
23,Node_10,Solar,45.2,78.77,0.06,0.105,231.75,195.04,13.24,20.83,1.11,104.56,0,0,30.81,41.62,9.83,51.56
23,Node_10,Wind,61.01,59.75,0.44,0.076,233.99,260.74,13.19,61.85,19.96,133.14,1,0,25.92,42.84,11.33,55.3
23,Node_10,Grid,97.36,44.41,0.41,0.148,210.6,462.3,23.35,20.23,2.43,90.29,1,0,15.24,65.27,11.51,92.91

